airline,year,quarter,metric,source_type,reason_code
ALGT,2014,FY,ASM,manual_only,NO_MANUAL_ROW
ALGT,2014,Q1,ASM,manual_only,NO_MANUAL_ROW
ALGT,2014,Q2,ASM,manual_only,NO_MANUAL_ROW
ALGT,2014,Q3,ASM,manual_only,NO_MANUAL_ROW
ALGT,2014,Q4,ASM,manual_only,NO_MANUAL_ROW
ALGT,2015,FY,ASM,manual_only,NO_MANUAL_ROW
ALGT,2015,Q1,ASM,manual_only,NO_MANUAL_ROW
ALGT,2015,Q2,ASM,manual_only,NO_MANUAL_ROW
ALGT,2015,Q3,ASM,manual_only,NO_MANUAL_ROW
ALGT,2015,Q4,ASM,manual_only,NO_MANUAL_ROW
ALGT,2016,FY,ASM,manual_only,NO_MANUAL_ROW
ALGT,2016,Q1,ASM,manual_only,NO_MANUAL_ROW
ALGT,2016,Q2,ASM,manual_only,NO_MANUAL_ROW
ALGT,2016,Q3,ASM,manual_only,NO_MANUAL_ROW
ALGT,2016,Q4,ASM,manual_only,NO_MANUAL_ROW
ALGT,2017,FY,ASM,manual_only,NO_MANUAL_ROW
ALGT,2017,Q1,ASM,manual_only,NO_MANUAL_ROW
ALGT,2017,Q2,ASM,manual_only,NO_MANUAL_ROW
ALGT,2017,Q3,ASM,manual_only,NO_MANUAL_ROW
ALGT,2017,Q4,ASM,manual_only,NO_MANUAL_ROW
ALGT,2018,FY,ASM,manual_only,NO_MANUAL_ROW
ALGT,2018,Q1,ASM,manual_only,NO_MANUAL_ROW
ALGT,2018,Q2,ASM,manual_only,NO_MANUAL_ROW
ALGT,2018,Q3,ASM,manual_only,NO_MANUAL_ROW
ALGT,2018,Q4,ASM,manual_only,NO_MANUAL_ROW
ALGT,2019,FY,ASM,manual_only,NO_MANUAL_ROW
ALGT,2019,Q1,ASM,manual_only,NO_MANUAL_ROW
ALGT,2019,Q2,ASM,manual_only,NO_MANUAL_ROW
ALGT,2019,Q3,ASM,manual_only,NO_MANUAL_ROW
ALGT,2019,Q4,ASM,manual_only,NO_MANUAL_ROW
ALGT,2020,FY,ASM,manual_only,NO_MANUAL_ROW
ALGT,2020,Q1,ASM,manual_only,NO_MANUAL_ROW
ALGT,2020,Q2,ASM,manual_only,NO_MANUAL_ROW
ALGT,2020,Q3,ASM,manual_only,NO_MANUAL_ROW
ALGT,2020,Q4,ASM,manual_only,NO_MANUAL_ROW
ALGT,2021,FY,ASM,manual_only,NO_MANUAL_ROW
ALGT,2021,Q1,ASM,manual_only,NO_MANUAL_ROW
ALGT,2021,Q2,ASM,manual_only,NO_MANUAL_ROW
ALGT,2021,Q3,ASM,manual_only,NO_MANUAL_ROW
ALGT,2021,Q4,ASM,manual_only,NO_MANUAL_ROW
ALGT,2022,FY,ASM,manual_only,NO_MANUAL_ROW
ALGT,2022,Q1,ASM,manual_only,NO_MANUAL_ROW
ALGT,2022,Q2,ASM,manual_only,NO_MANUAL_ROW
ALGT,2022,Q3,ASM,manual_only,NO_MANUAL_ROW
ALGT,2022,Q4,ASM,manual_only,NO_MANUAL_ROW
ALGT,2023,FY,ASM,manual_only,NO_MANUAL_ROW
ALGT,2023,Q1,ASM,manual_only,NO_MANUAL_ROW
ALGT,2023,Q2,ASM,manual_only,NO_MANUAL_ROW
ALGT,2023,Q3,ASM,manual_only,NO_MANUAL_ROW
ALGT,2023,Q4,ASM,manual_only,NO_MANUAL_ROW
ALGT,2024,FY,ASM,manual_only,NO_MANUAL_ROW
ALGT,2024,Q1,ASM,manual_only,NO_MANUAL_ROW
ALGT,2024,Q2,ASM,manual_only,NO_MANUAL_ROW
ALGT,2024,Q3,ASM,manual_only,NO_MANUAL_ROW
ALGT,2024,Q4,ASM,manual_only,NO_MANUAL_ROW
ALGT,2025,FY,ASM,manual_only,NO_MANUAL_ROW
ALGT,2025,Q1,ASM,manual_only,NO_MANUAL_ROW
ALGT,2025,Q2,ASM,manual_only,NO_MANUAL_ROW
ALGT,2025,Q3,ASM,manual_only,NO_MANUAL_ROW
ALGT,2025,Q4,ASM,manual_only,NO_MANUAL_ROW
ALGT,2026,Q1,ASM,manual_only,NO_MANUAL_ROW
ALGT,2014,FY,Passenger Revenue,manual_only,NO_MANUAL_ROW
ALGT,2014,Q1,Passenger Revenue,manual_only,NO_MANUAL_ROW
ALGT,2014,Q2,Passenger Revenue,manual_only,NO_MANUAL_ROW
ALGT,2014,Q3,Passenger Revenue,manual_only,NO_MANUAL_ROW
ALGT,2014,Q4,Passenger Revenue,manual_only,NO_MANUAL_ROW
ALGT,2015,FY,Passenger Revenue,manual_only,NO_MANUAL_ROW
ALGT,2015,Q1,Passenger Revenue,manual_only,NO_MANUAL_ROW
ALGT,2015,Q2,Passenger Revenue,manual_only,NO_MANUAL_ROW
ALGT,2015,Q3,Passenger Revenue,manual_only,NO_MANUAL_ROW
ALGT,2015,Q4,Passenger Revenue,manual_only,NO_MANUAL_ROW
ALGT,2016,FY,Passenger Revenue,manual_only,NO_MANUAL_ROW
ALGT,2016,Q1,Passenger Revenue,manual_only,NO_MANUAL_ROW
ALGT,2016,Q2,Passenger Revenue,manual_only,NO_MANUAL_ROW
ALGT,2016,Q3,Passenger Revenue,manual_only,NO_MANUAL_ROW
ALGT,2016,Q4,Passenger Revenue,manual_only,NO_MANUAL_ROW
ALGT,2017,FY,Passenger Revenue,manual_only,NO_MANUAL_ROW
ALGT,2017,Q1,Passenger Revenue,manual_only,NO_MANUAL_ROW
ALGT,2017,Q2,Passenger Revenue,manual_only,NO_MANUAL_ROW
ALGT,2017,Q3,Passenger Revenue,manual_only,NO_MANUAL_ROW
ALGT,2017,Q4,Passenger Revenue,manual_only,NO_MANUAL_ROW
ALGT,2018,FY,Passenger Revenue,manual_only,NO_MANUAL_ROW
ALGT,2018,Q1,Passenger Revenue,manual_only,NO_MANUAL_ROW
ALGT,2018,Q2,Passenger Revenue,manual_only,NO_MANUAL_ROW
ALGT,2018,Q3,Passenger Revenue,manual_only,NO_MANUAL_ROW
ALGT,2018,Q4,Passenger Revenue,manual_only,NO_MANUAL_ROW
ALGT,2019,FY,Passenger Revenue,manual_only,NO_MANUAL_ROW
ALGT,2019,Q1,Passenger Revenue,manual_only,NO_MANUAL_ROW
ALGT,2019,Q2,Passenger Revenue,manual_only,NO_MANUAL_ROW
ALGT,2019,Q3,Passenger Revenue,manual_only,NO_MANUAL_ROW
ALGT,2019,Q4,Passenger Revenue,manual_only,NO_MANUAL_ROW
ALGT,2020,FY,Passenger Revenue,manual_only,NO_MANUAL_ROW
ALGT,2020,Q1,Passenger Revenue,manual_only,NO_MANUAL_ROW
ALGT,2020,Q2,Passenger Revenue,manual_only,NO_MANUAL_ROW
ALGT,2020,Q3,Passenger Revenue,manual_only,NO_MANUAL_ROW
ALGT,2020,Q4,Passenger Revenue,manual_only,NO_MANUAL_ROW
ALGT,2021,FY,Passenger Revenue,manual_only,NO_MANUAL_ROW
ALGT,2021,Q1,Passenger Revenue,manual_only,NO_MANUAL_ROW
ALGT,2021,Q2,Passenger Revenue,manual_only,NO_MANUAL_ROW
ALGT,2021,Q3,Passenger Revenue,manual_only,NO_MANUAL_ROW
ALGT,2021,Q4,Passenger Revenue,manual_only,NO_MANUAL_ROW
ALGT,2022,FY,Passenger Revenue,manual_only,NO_MANUAL_ROW
ALGT,2022,Q1,Passenger Revenue,manual_only,NO_MANUAL_ROW
ALGT,2022,Q2,Passenger Revenue,manual_only,NO_MANUAL_ROW
ALGT,2022,Q3,Passenger Revenue,manual_only,NO_MANUAL_ROW
ALGT,2022,Q4,Passenger Revenue,manual_only,NO_MANUAL_ROW
ALGT,2023,FY,Passenger Revenue,manual_only,NO_MANUAL_ROW
ALGT,2023,Q1,Passenger Revenue,manual_only,NO_MANUAL_ROW
ALGT,2023,Q2,Passenger Revenue,manual_only,NO_MANUAL_ROW
ALGT,2023,Q3,Passenger Revenue,manual_only,NO_MANUAL_ROW
ALGT,2023,Q4,Passenger Revenue,manual_only,NO_MANUAL_ROW
ALGT,2024,FY,Passenger Revenue,manual_only,NO_MANUAL_ROW
ALGT,2024,Q1,Passenger Revenue,manual_only,NO_MANUAL_ROW
ALGT,2024,Q2,Passenger Revenue,manual_only,NO_MANUAL_ROW
ALGT,2024,Q3,Passenger Revenue,manual_only,NO_MANUAL_ROW
ALGT,2024,Q4,Passenger Revenue,manual_only,NO_MANUAL_ROW
ALGT,2025,FY,Passenger Revenue,manual_only,NO_MANUAL_ROW
ALGT,2025,Q1,Passenger Revenue,manual_only,NO_MANUAL_ROW
ALGT,2025,Q2,Passenger Revenue,manual_only,NO_MANUAL_ROW
ALGT,2025,Q3,Passenger Revenue,manual_only,NO_MANUAL_ROW
ALGT,2025,Q4,Passenger Revenue,manual_only,NO_MANUAL_ROW
ALGT,2026,Q1,Passenger Revenue,manual_only,NO_MANUAL_ROW
ALGT,2014,FY,Profit Sharing,manual_only,NO_MANUAL_ROW
ALGT,2014,Q1,Profit Sharing,manual_only,NO_MANUAL_ROW
ALGT,2014,Q2,Profit Sharing,manual_only,NO_MANUAL_ROW
ALGT,2014,Q3,Profit Sharing,manual_only,NO_MANUAL_ROW
ALGT,2014,Q4,Profit Sharing,manual_only,NO_MANUAL_ROW
ALGT,2015,FY,Profit Sharing,manual_only,NO_MANUAL_ROW
ALGT,2015,Q1,Profit Sharing,manual_only,NO_MANUAL_ROW
ALGT,2015,Q2,Profit Sharing,manual_only,NO_MANUAL_ROW
ALGT,2015,Q3,Profit Sharing,manual_only,NO_MANUAL_ROW
ALGT,2015,Q4,Profit Sharing,manual_only,NO_MANUAL_ROW
ALGT,2016,FY,Profit Sharing,manual_only,NO_MANUAL_ROW
ALGT,2016,Q1,Profit Sharing,manual_only,NO_MANUAL_ROW
ALGT,2016,Q2,Profit Sharing,manual_only,NO_MANUAL_ROW
ALGT,2016,Q3,Profit Sharing,manual_only,NO_MANUAL_ROW
ALGT,2016,Q4,Profit Sharing,manual_only,NO_MANUAL_ROW
ALGT,2017,FY,Profit Sharing,manual_only,NO_MANUAL_ROW
ALGT,2017,Q1,Profit Sharing,manual_only,NO_MANUAL_ROW
ALGT,2017,Q2,Profit Sharing,manual_only,NO_MANUAL_ROW
ALGT,2017,Q3,Profit Sharing,manual_only,NO_MANUAL_ROW
ALGT,2017,Q4,Profit Sharing,manual_only,NO_MANUAL_ROW
ALGT,2018,FY,Profit Sharing,manual_only,NO_MANUAL_ROW
ALGT,2018,Q1,Profit Sharing,manual_only,NO_MANUAL_ROW
ALGT,2018,Q2,Profit Sharing,manual_only,NO_MANUAL_ROW
ALGT,2018,Q3,Profit Sharing,manual_only,NO_MANUAL_ROW
ALGT,2018,Q4,Profit Sharing,manual_only,NO_MANUAL_ROW
ALGT,2019,FY,Profit Sharing,manual_only,NO_MANUAL_ROW
ALGT,2019,Q1,Profit Sharing,manual_only,NO_MANUAL_ROW
ALGT,2019,Q2,Profit Sharing,manual_only,NO_MANUAL_ROW
ALGT,2019,Q3,Profit Sharing,manual_only,NO_MANUAL_ROW
ALGT,2019,Q4,Profit Sharing,manual_only,NO_MANUAL_ROW
ALGT,2020,FY,Profit Sharing,manual_only,NO_MANUAL_ROW
ALGT,2020,Q1,Profit Sharing,manual_only,NO_MANUAL_ROW
ALGT,2020,Q2,Profit Sharing,manual_only,NO_MANUAL_ROW
ALGT,2020,Q3,Profit Sharing,manual_only,NO_MANUAL_ROW
ALGT,2020,Q4,Profit Sharing,manual_only,NO_MANUAL_ROW
ALGT,2021,FY,Profit Sharing,manual_only,NO_MANUAL_ROW
ALGT,2021,Q1,Profit Sharing,manual_only,NO_MANUAL_ROW
ALGT,2021,Q2,Profit Sharing,manual_only,NO_MANUAL_ROW
ALGT,2021,Q3,Profit Sharing,manual_only,NO_MANUAL_ROW
ALGT,2021,Q4,Profit Sharing,manual_only,NO_MANUAL_ROW
ALGT,2022,FY,Profit Sharing,manual_only,NO_MANUAL_ROW
ALGT,2022,Q1,Profit Sharing,manual_only,NO_MANUAL_ROW
ALGT,2022,Q2,Profit Sharing,manual_only,NO_MANUAL_ROW
ALGT,2022,Q3,Profit Sharing,manual_only,NO_MANUAL_ROW
ALGT,2022,Q4,Profit Sharing,manual_only,NO_MANUAL_ROW
ALGT,2023,FY,Profit Sharing,manual_only,NO_MANUAL_ROW
ALGT,2023,Q1,Profit Sharing,manual_only,NO_MANUAL_ROW
ALGT,2023,Q2,Profit Sharing,manual_only,NO_MANUAL_ROW
ALGT,2023,Q3,Profit Sharing,manual_only,NO_MANUAL_ROW
ALGT,2023,Q4,Profit Sharing,manual_only,NO_MANUAL_ROW
ALGT,2024,FY,Profit Sharing,manual_only,NO_MANUAL_ROW
ALGT,2024,Q1,Profit Sharing,manual_only,NO_MANUAL_ROW
ALGT,2024,Q2,Profit Sharing,manual_only,NO_MANUAL_ROW
ALGT,2024,Q3,Profit Sharing,manual_only,NO_MANUAL_ROW
ALGT,2024,Q4,Profit Sharing,manual_only,NO_MANUAL_ROW
ALGT,2025,FY,Profit Sharing,manual_only,NO_MANUAL_ROW
ALGT,2025,Q1,Profit Sharing,manual_only,NO_MANUAL_ROW
ALGT,2025,Q2,Profit Sharing,manual_only,NO_MANUAL_ROW
ALGT,2025,Q3,Profit Sharing,manual_only,NO_MANUAL_ROW
ALGT,2025,Q4,Profit Sharing,manual_only,NO_MANUAL_ROW
ALGT,2026,Q1,Profit Sharing,manual_only,NO_MANUAL_ROW
ALGT,2014,FY,RPM,manual_only,NO_MANUAL_ROW
ALGT,2014,Q1,RPM,manual_only,NO_MANUAL_ROW
ALGT,2014,Q2,RPM,manual_only,NO_MANUAL_ROW
ALGT,2014,Q3,RPM,manual_only,NO_MANUAL_ROW
ALGT,2014,Q4,RPM,manual_only,NO_MANUAL_ROW
ALGT,2015,FY,RPM,manual_only,NO_MANUAL_ROW
ALGT,2015,Q1,RPM,manual_only,NO_MANUAL_ROW
ALGT,2015,Q2,RPM,manual_only,NO_MANUAL_ROW
ALGT,2015,Q3,RPM,manual_only,NO_MANUAL_ROW
ALGT,2015,Q4,RPM,manual_only,NO_MANUAL_ROW
ALGT,2016,FY,RPM,manual_only,NO_MANUAL_ROW
ALGT,2016,Q1,RPM,manual_only,NO_MANUAL_ROW
ALGT,2016,Q2,RPM,manual_only,NO_MANUAL_ROW
ALGT,2016,Q3,RPM,manual_only,NO_MANUAL_ROW
ALGT,2016,Q4,RPM,manual_only,NO_MANUAL_ROW
ALGT,2017,FY,RPM,manual_only,NO_MANUAL_ROW
ALGT,2017,Q1,RPM,manual_only,NO_MANUAL_ROW
ALGT,2017,Q2,RPM,manual_only,NO_MANUAL_ROW
ALGT,2017,Q3,RPM,manual_only,NO_MANUAL_ROW
ALGT,2017,Q4,RPM,manual_only,NO_MANUAL_ROW
ALGT,2018,FY,RPM,manual_only,NO_MANUAL_ROW
ALGT,2018,Q1,RPM,manual_only,NO_MANUAL_ROW
ALGT,2018,Q2,RPM,manual_only,NO_MANUAL_ROW
ALGT,2018,Q3,RPM,manual_only,NO_MANUAL_ROW
ALGT,2018,Q4,RPM,manual_only,NO_MANUAL_ROW
ALGT,2019,FY,RPM,manual_only,NO_MANUAL_ROW
ALGT,2019,Q1,RPM,manual_only,NO_MANUAL_ROW
ALGT,2019,Q2,RPM,manual_only,NO_MANUAL_ROW
ALGT,2019,Q3,RPM,manual_only,NO_MANUAL_ROW
ALGT,2019,Q4,RPM,manual_only,NO_MANUAL_ROW
ALGT,2020,FY,RPM,manual_only,NO_MANUAL_ROW
ALGT,2020,Q1,RPM,manual_only,NO_MANUAL_ROW
ALGT,2020,Q2,RPM,manual_only,NO_MANUAL_ROW
ALGT,2020,Q3,RPM,manual_only,NO_MANUAL_ROW
ALGT,2020,Q4,RPM,manual_only,NO_MANUAL_ROW
ALGT,2021,FY,RPM,manual_only,NO_MANUAL_ROW
ALGT,2021,Q1,RPM,manual_only,NO_MANUAL_ROW
ALGT,2021,Q2,RPM,manual_only,NO_MANUAL_ROW
ALGT,2021,Q3,RPM,manual_only,NO_MANUAL_ROW
ALGT,2021,Q4,RPM,manual_only,NO_MANUAL_ROW
ALGT,2022,FY,RPM,manual_only,NO_MANUAL_ROW
ALGT,2022,Q1,RPM,manual_only,NO_MANUAL_ROW
ALGT,2022,Q2,RPM,manual_only,NO_MANUAL_ROW
ALGT,2022,Q3,RPM,manual_only,NO_MANUAL_ROW
ALGT,2022,Q4,RPM,manual_only,NO_MANUAL_ROW
ALGT,2023,FY,RPM,manual_only,NO_MANUAL_ROW
ALGT,2023,Q1,RPM,manual_only,NO_MANUAL_ROW
ALGT,2023,Q2,RPM,manual_only,NO_MANUAL_ROW
ALGT,2023,Q3,RPM,manual_only,NO_MANUAL_ROW
ALGT,2023,Q4,RPM,manual_only,NO_MANUAL_ROW
ALGT,2024,FY,RPM,manual_only,NO_MANUAL_ROW
ALGT,2024,Q1,RPM,manual_only,NO_MANUAL_ROW
ALGT,2024,Q2,RPM,manual_only,NO_MANUAL_ROW
ALGT,2024,Q3,RPM,manual_only,NO_MANUAL_ROW
ALGT,2024,Q4,RPM,manual_only,NO_MANUAL_ROW
ALGT,2025,FY,RPM,manual_only,NO_MANUAL_ROW
ALGT,2025,Q1,RPM,manual_only,NO_MANUAL_ROW
ALGT,2025,Q2,RPM,manual_only,NO_MANUAL_ROW
ALGT,2025,Q3,RPM,manual_only,NO_MANUAL_ROW
ALGT,2025,Q4,RPM,manual_only,NO_MANUAL_ROW
ALGT,2026,Q1,RPM,manual_only,NO_MANUAL_ROW
ALGT,2014,FY,Short-Term Investments,auto_xbrl,NO_AUTO_VALUE
ALGT,2014,Q1,Short-Term Investments,auto_xbrl,NO_AUTO_VALUE
ALGT,2014,Q2,Short-Term Investments,auto_xbrl,NO_AUTO_VALUE
ALGT,2014,Q3,Short-Term Investments,auto_xbrl,NO_AUTO_VALUE
ALGT,2014,Q4,Short-Term Investments,auto_xbrl,NO_AUTO_VALUE
ALGT,2015,FY,Short-Term Investments,auto_xbrl,NO_AUTO_VALUE
ALGT,2015,Q1,Short-Term Investments,auto_xbrl,NO_AUTO_VALUE
ALGT,2015,Q2,Short-Term Investments,auto_xbrl,NO_AUTO_VALUE
ALGT,2015,Q3,Short-Term Investments,auto_xbrl,NO_AUTO_VALUE
ALGT,2015,Q4,Short-Term Investments,auto_xbrl,NO_AUTO_VALUE
ALGT,2016,FY,Short-Term Investments,auto_xbrl,NO_AUTO_VALUE
ALGT,2016,Q1,Short-Term Investments,auto_xbrl,NO_AUTO_VALUE
ALGT,2016,Q2,Short-Term Investments,auto_xbrl,NO_AUTO_VALUE
ALGT,2016,Q3,Short-Term Investments,auto_xbrl,NO_AUTO_VALUE
ALGT,2016,Q4,Short-Term Investments,auto_xbrl,NO_AUTO_VALUE
ALGT,2017,FY,Short-Term Investments,auto_xbrl,NO_AUTO_VALUE
ALGT,2017,Q1,Short-Term Investments,auto_xbrl,NO_AUTO_VALUE
ALGT,2017,Q2,Short-Term Investments,auto_xbrl,NO_AUTO_VALUE
ALGT,2017,Q3,Short-Term Investments,auto_xbrl,NO_AUTO_VALUE
ALGT,2017,Q4,Short-Term Investments,auto_xbrl,NO_AUTO_VALUE
ALGT,2018,Q1,Short-Term Investments,auto_xbrl,NO_AUTO_VALUE
ALK,2014,FY,ASM,manual_only,NO_MANUAL_ROW
ALK,2014,Q1,ASM,manual_only,NO_MANUAL_ROW
ALK,2014,Q2,ASM,manual_only,NO_MANUAL_ROW
ALK,2014,Q3,ASM,manual_only,NO_MANUAL_ROW
ALK,2014,Q4,ASM,manual_only,NO_MANUAL_ROW
ALK,2015,FY,ASM,manual_only,NO_MANUAL_ROW
ALK,2015,Q1,ASM,manual_only,NO_MANUAL_ROW
ALK,2015,Q2,ASM,manual_only,NO_MANUAL_ROW
ALK,2015,Q3,ASM,manual_only,NO_MANUAL_ROW
ALK,2015,Q4,ASM,manual_only,NO_MANUAL_ROW
ALK,2016,FY,ASM,manual_only,NO_MANUAL_ROW
ALK,2016,Q1,ASM,manual_only,NO_MANUAL_ROW
ALK,2016,Q2,ASM,manual_only,NO_MANUAL_ROW
ALK,2016,Q3,ASM,manual_only,NO_MANUAL_ROW
ALK,2016,Q4,ASM,manual_only,NO_MANUAL_ROW
ALK,2017,FY,ASM,manual_only,NO_MANUAL_ROW
ALK,2017,Q1,ASM,manual_only,NO_MANUAL_ROW
ALK,2017,Q2,ASM,manual_only,NO_MANUAL_ROW
ALK,2017,Q3,ASM,manual_only,NO_MANUAL_ROW
ALK,2017,Q4,ASM,manual_only,NO_MANUAL_ROW
ALK,2018,FY,ASM,manual_only,NO_MANUAL_ROW
ALK,2018,Q1,ASM,manual_only,NO_MANUAL_ROW
ALK,2018,Q2,ASM,manual_only,NO_MANUAL_ROW
ALK,2018,Q3,ASM,manual_only,NO_MANUAL_ROW
ALK,2018,Q4,ASM,manual_only,NO_MANUAL_ROW
ALK,2019,FY,ASM,manual_only,NO_MANUAL_ROW
ALK,2019,Q1,ASM,manual_only,NO_MANUAL_ROW
ALK,2019,Q2,ASM,manual_only,NO_MANUAL_ROW
ALK,2019,Q3,ASM,manual_only,NO_MANUAL_ROW
ALK,2019,Q4,ASM,manual_only,NO_MANUAL_ROW
ALK,2020,FY,ASM,manual_only,NO_MANUAL_ROW
ALK,2020,Q1,ASM,manual_only,NO_MANUAL_ROW
ALK,2020,Q2,ASM,manual_only,NO_MANUAL_ROW
ALK,2020,Q3,ASM,manual_only,NO_MANUAL_ROW
ALK,2020,Q4,ASM,manual_only,NO_MANUAL_ROW
ALK,2021,FY,ASM,manual_only,NO_MANUAL_ROW
ALK,2021,Q1,ASM,manual_only,NO_MANUAL_ROW
ALK,2021,Q2,ASM,manual_only,NO_MANUAL_ROW
ALK,2021,Q3,ASM,manual_only,NO_MANUAL_ROW
ALK,2021,Q4,ASM,manual_only,NO_MANUAL_ROW
ALK,2022,FY,ASM,manual_only,NO_MANUAL_ROW
ALK,2022,Q1,ASM,manual_only,NO_MANUAL_ROW
ALK,2022,Q2,ASM,manual_only,NO_MANUAL_ROW
ALK,2022,Q3,ASM,manual_only,NO_MANUAL_ROW
ALK,2022,Q4,ASM,manual_only,NO_MANUAL_ROW
ALK,2023,FY,ASM,manual_only,NO_MANUAL_ROW
ALK,2023,Q1,ASM,manual_only,NO_MANUAL_ROW
ALK,2023,Q2,ASM,manual_only,NO_MANUAL_ROW
ALK,2023,Q3,ASM,manual_only,NO_MANUAL_ROW
ALK,2023,Q4,ASM,manual_only,NO_MANUAL_ROW
ALK,2024,FY,ASM,manual_only,NO_MANUAL_ROW
ALK,2024,Q1,ASM,manual_only,NO_MANUAL_ROW
ALK,2024,Q2,ASM,manual_only,NO_MANUAL_ROW
ALK,2024,Q3,ASM,manual_only,NO_MANUAL_ROW
ALK,2024,Q4,ASM,manual_only,NO_MANUAL_ROW
ALK,2025,FY,ASM,manual_only,NO_MANUAL_ROW
ALK,2025,Q1,ASM,manual_only,NO_MANUAL_ROW
ALK,2025,Q2,ASM,manual_only,NO_MANUAL_ROW
ALK,2025,Q3,ASM,manual_only,NO_MANUAL_ROW
ALK,2025,Q4,ASM,manual_only,NO_MANUAL_ROW
ALK,2026,Q1,ASM,manual_only,NO_MANUAL_ROW
ALK,2014,FY,Passenger Revenue,manual_only,NO_MANUAL_ROW
ALK,2014,Q1,Passenger Revenue,manual_only,NO_MANUAL_ROW
ALK,2014,Q2,Passenger Revenue,manual_only,NO_MANUAL_ROW
ALK,2014,Q3,Passenger Revenue,manual_only,NO_MANUAL_ROW
ALK,2014,Q4,Passenger Revenue,manual_only,NO_MANUAL_ROW
ALK,2015,FY,Passenger Revenue,manual_only,NO_MANUAL_ROW
ALK,2015,Q1,Passenger Revenue,manual_only,NO_MANUAL_ROW
ALK,2015,Q2,Passenger Revenue,manual_only,NO_MANUAL_ROW
ALK,2015,Q3,Passenger Revenue,manual_only,NO_MANUAL_ROW
ALK,2015,Q4,Passenger Revenue,manual_only,NO_MANUAL_ROW
ALK,2016,FY,Passenger Revenue,manual_only,NO_MANUAL_ROW
ALK,2016,Q1,Passenger Revenue,manual_only,NO_MANUAL_ROW
ALK,2016,Q2,Passenger Revenue,manual_only,NO_MANUAL_ROW
ALK,2016,Q3,Passenger Revenue,manual_only,NO_MANUAL_ROW
ALK,2016,Q4,Passenger Revenue,manual_only,NO_MANUAL_ROW
ALK,2017,FY,Passenger Revenue,manual_only,NO_MANUAL_ROW
ALK,2017,Q1,Passenger Revenue,manual_only,NO_MANUAL_ROW
ALK,2017,Q2,Passenger Revenue,manual_only,NO_MANUAL_ROW
ALK,2017,Q3,Passenger Revenue,manual_only,NO_MANUAL_ROW
ALK,2017,Q4,Passenger Revenue,manual_only,NO_MANUAL_ROW
ALK,2018,FY,Passenger Revenue,manual_only,NO_MANUAL_ROW
ALK,2018,Q1,Passenger Revenue,manual_only,NO_MANUAL_ROW
ALK,2018,Q2,Passenger Revenue,manual_only,NO_MANUAL_ROW
ALK,2018,Q3,Passenger Revenue,manual_only,NO_MANUAL_ROW
ALK,2018,Q4,Passenger Revenue,manual_only,NO_MANUAL_ROW
ALK,2019,FY,Passenger Revenue,manual_only,NO_MANUAL_ROW
ALK,2019,Q1,Passenger Revenue,manual_only,NO_MANUAL_ROW
ALK,2019,Q2,Passenger Revenue,manual_only,NO_MANUAL_ROW
ALK,2019,Q3,Passenger Revenue,manual_only,NO_MANUAL_ROW
ALK,2019,Q4,Passenger Revenue,manual_only,NO_MANUAL_ROW
ALK,2020,FY,Passenger Revenue,manual_only,NO_MANUAL_ROW
ALK,2020,Q1,Passenger Revenue,manual_only,NO_MANUAL_ROW
ALK,2020,Q2,Passenger Revenue,manual_only,NO_MANUAL_ROW
ALK,2020,Q3,Passenger Revenue,manual_only,NO_MANUAL_ROW
ALK,2020,Q4,Passenger Revenue,manual_only,NO_MANUAL_ROW
ALK,2021,FY,Passenger Revenue,manual_only,NO_MANUAL_ROW
ALK,2021,Q1,Passenger Revenue,manual_only,NO_MANUAL_ROW
ALK,2021,Q2,Passenger Revenue,manual_only,NO_MANUAL_ROW
ALK,2021,Q3,Passenger Revenue,manual_only,NO_MANUAL_ROW
ALK,2021,Q4,Passenger Revenue,manual_only,NO_MANUAL_ROW
ALK,2022,FY,Passenger Revenue,manual_only,NO_MANUAL_ROW
ALK,2022,Q1,Passenger Revenue,manual_only,NO_MANUAL_ROW
ALK,2022,Q2,Passenger Revenue,manual_only,NO_MANUAL_ROW
ALK,2022,Q3,Passenger Revenue,manual_only,NO_MANUAL_ROW
ALK,2022,Q4,Passenger Revenue,manual_only,NO_MANUAL_ROW
ALK,2023,FY,Passenger Revenue,manual_only,NO_MANUAL_ROW
ALK,2023,Q1,Passenger Revenue,manual_only,NO_MANUAL_ROW
ALK,2023,Q2,Passenger Revenue,manual_only,NO_MANUAL_ROW
ALK,2023,Q3,Passenger Revenue,manual_only,NO_MANUAL_ROW
ALK,2023,Q4,Passenger Revenue,manual_only,NO_MANUAL_ROW
ALK,2024,FY,Passenger Revenue,manual_only,NO_MANUAL_ROW
ALK,2024,Q1,Passenger Revenue,manual_only,NO_MANUAL_ROW
ALK,2024,Q2,Passenger Revenue,manual_only,NO_MANUAL_ROW
ALK,2024,Q3,Passenger Revenue,manual_only,NO_MANUAL_ROW
ALK,2024,Q4,Passenger Revenue,manual_only,NO_MANUAL_ROW
ALK,2025,FY,Passenger Revenue,manual_only,NO_MANUAL_ROW
ALK,2025,Q1,Passenger Revenue,manual_only,NO_MANUAL_ROW
ALK,2025,Q2,Passenger Revenue,manual_only,NO_MANUAL_ROW
ALK,2025,Q3,Passenger Revenue,manual_only,NO_MANUAL_ROW
ALK,2025,Q4,Passenger Revenue,manual_only,NO_MANUAL_ROW
ALK,2026,Q1,Passenger Revenue,manual_only,NO_MANUAL_ROW
ALK,2014,FY,Profit Sharing,manual_only,NO_MANUAL_ROW
ALK,2014,Q1,Profit Sharing,manual_only,NO_MANUAL_ROW
ALK,2014,Q2,Profit Sharing,manual_only,NO_MANUAL_ROW
ALK,2014,Q3,Profit Sharing,manual_only,NO_MANUAL_ROW
ALK,2014,Q4,Profit Sharing,manual_only,NO_MANUAL_ROW
ALK,2015,FY,Profit Sharing,manual_only,NO_MANUAL_ROW
ALK,2015,Q1,Profit Sharing,manual_only,NO_MANUAL_ROW
ALK,2015,Q2,Profit Sharing,manual_only,NO_MANUAL_ROW
ALK,2015,Q3,Profit Sharing,manual_only,NO_MANUAL_ROW
ALK,2015,Q4,Profit Sharing,manual_only,NO_MANUAL_ROW
ALK,2016,FY,Profit Sharing,manual_only,NO_MANUAL_ROW
ALK,2016,Q1,Profit Sharing,manual_only,NO_MANUAL_ROW
ALK,2016,Q2,Profit Sharing,manual_only,NO_MANUAL_ROW
ALK,2016,Q3,Profit Sharing,manual_only,NO_MANUAL_ROW
ALK,2016,Q4,Profit Sharing,manual_only,NO_MANUAL_ROW
ALK,2017,FY,Profit Sharing,manual_only,NO_MANUAL_ROW
ALK,2017,Q1,Profit Sharing,manual_only,NO_MANUAL_ROW
ALK,2017,Q2,Profit Sharing,manual_only,NO_MANUAL_ROW
ALK,2017,Q3,Profit Sharing,manual_only,NO_MANUAL_ROW
ALK,2017,Q4,Profit Sharing,manual_only,NO_MANUAL_ROW
ALK,2018,FY,Profit Sharing,manual_only,NO_MANUAL_ROW
ALK,2018,Q1,Profit Sharing,manual_only,NO_MANUAL_ROW
ALK,2018,Q2,Profit Sharing,manual_only,NO_MANUAL_ROW
ALK,2018,Q3,Profit Sharing,manual_only,NO_MANUAL_ROW
ALK,2018,Q4,Profit Sharing,manual_only,NO_MANUAL_ROW
ALK,2019,FY,Profit Sharing,manual_only,NO_MANUAL_ROW
ALK,2019,Q1,Profit Sharing,manual_only,NO_MANUAL_ROW
ALK,2019,Q2,Profit Sharing,manual_only,NO_MANUAL_ROW
ALK,2019,Q3,Profit Sharing,manual_only,NO_MANUAL_ROW
ALK,2019,Q4,Profit Sharing,manual_only,NO_MANUAL_ROW
ALK,2020,FY,Profit Sharing,manual_only,NO_MANUAL_ROW
ALK,2020,Q1,Profit Sharing,manual_only,NO_MANUAL_ROW
ALK,2020,Q2,Profit Sharing,manual_only,NO_MANUAL_ROW
ALK,2020,Q3,Profit Sharing,manual_only,NO_MANUAL_ROW
ALK,2020,Q4,Profit Sharing,manual_only,NO_MANUAL_ROW
ALK,2021,FY,Profit Sharing,manual_only,NO_MANUAL_ROW
ALK,2021,Q1,Profit Sharing,manual_only,NO_MANUAL_ROW
ALK,2021,Q2,Profit Sharing,manual_only,NO_MANUAL_ROW
ALK,2021,Q3,Profit Sharing,manual_only,NO_MANUAL_ROW
ALK,2021,Q4,Profit Sharing,manual_only,NO_MANUAL_ROW
ALK,2022,FY,Profit Sharing,manual_only,NO_MANUAL_ROW
ALK,2022,Q1,Profit Sharing,manual_only,NO_MANUAL_ROW
ALK,2022,Q2,Profit Sharing,manual_only,NO_MANUAL_ROW
ALK,2022,Q3,Profit Sharing,manual_only,NO_MANUAL_ROW
ALK,2022,Q4,Profit Sharing,manual_only,NO_MANUAL_ROW
ALK,2023,FY,Profit Sharing,manual_only,NO_MANUAL_ROW
ALK,2023,Q1,Profit Sharing,manual_only,NO_MANUAL_ROW
ALK,2023,Q2,Profit Sharing,manual_only,NO_MANUAL_ROW
ALK,2023,Q3,Profit Sharing,manual_only,NO_MANUAL_ROW
ALK,2023,Q4,Profit Sharing,manual_only,NO_MANUAL_ROW
ALK,2024,FY,Profit Sharing,manual_only,NO_MANUAL_ROW
ALK,2024,Q1,Profit Sharing,manual_only,NO_MANUAL_ROW
ALK,2024,Q2,Profit Sharing,manual_only,NO_MANUAL_ROW
ALK,2024,Q3,Profit Sharing,manual_only,NO_MANUAL_ROW
ALK,2024,Q4,Profit Sharing,manual_only,NO_MANUAL_ROW
ALK,2025,FY,Profit Sharing,manual_only,NO_MANUAL_ROW
ALK,2025,Q1,Profit Sharing,manual_only,NO_MANUAL_ROW
ALK,2025,Q2,Profit Sharing,manual_only,NO_MANUAL_ROW
ALK,2025,Q3,Profit Sharing,manual_only,NO_MANUAL_ROW
ALK,2025,Q4,Profit Sharing,manual_only,NO_MANUAL_ROW
ALK,2026,Q1,Profit Sharing,manual_only,NO_MANUAL_ROW
ALK,2014,FY,RPM,manual_only,NO_MANUAL_ROW
ALK,2014,Q1,RPM,manual_only,NO_MANUAL_ROW
ALK,2014,Q2,RPM,manual_only,NO_MANUAL_ROW
ALK,2014,Q3,RPM,manual_only,NO_MANUAL_ROW
ALK,2014,Q4,RPM,manual_only,NO_MANUAL_ROW
ALK,2015,FY,RPM,manual_only,NO_MANUAL_ROW
ALK,2015,Q1,RPM,manual_only,NO_MANUAL_ROW
ALK,2015,Q2,RPM,manual_only,NO_MANUAL_ROW
ALK,2015,Q3,RPM,manual_only,NO_MANUAL_ROW
ALK,2015,Q4,RPM,manual_only,NO_MANUAL_ROW
ALK,2016,FY,RPM,manual_only,NO_MANUAL_ROW
ALK,2016,Q1,RPM,manual_only,NO_MANUAL_ROW
ALK,2016,Q2,RPM,manual_only,NO_MANUAL_ROW
ALK,2016,Q3,RPM,manual_only,NO_MANUAL_ROW
ALK,2016,Q4,RPM,manual_only,NO_MANUAL_ROW
ALK,2017,FY,RPM,manual_only,NO_MANUAL_ROW
ALK,2017,Q1,RPM,manual_only,NO_MANUAL_ROW
ALK,2017,Q2,RPM,manual_only,NO_MANUAL_ROW
ALK,2017,Q3,RPM,manual_only,NO_MANUAL_ROW
ALK,2017,Q4,RPM,manual_only,NO_MANUAL_ROW
ALK,2018,FY,RPM,manual_only,NO_MANUAL_ROW
ALK,2018,Q1,RPM,manual_only,NO_MANUAL_ROW
ALK,2018,Q2,RPM,manual_only,NO_MANUAL_ROW
ALK,2018,Q3,RPM,manual_only,NO_MANUAL_ROW
ALK,2018,Q4,RPM,manual_only,NO_MANUAL_ROW
ALK,2019,FY,RPM,manual_only,NO_MANUAL_ROW
ALK,2019,Q1,RPM,manual_only,NO_MANUAL_ROW
ALK,2019,Q2,RPM,manual_only,NO_MANUAL_ROW
ALK,2019,Q3,RPM,manual_only,NO_MANUAL_ROW
ALK,2019,Q4,RPM,manual_only,NO_MANUAL_ROW
ALK,2020,FY,RPM,manual_only,NO_MANUAL_ROW
ALK,2020,Q1,RPM,manual_only,NO_MANUAL_ROW
ALK,2020,Q2,RPM,manual_only,NO_MANUAL_ROW
ALK,2020,Q3,RPM,manual_only,NO_MANUAL_ROW
ALK,2020,Q4,RPM,manual_only,NO_MANUAL_ROW
ALK,2021,FY,RPM,manual_only,NO_MANUAL_ROW
ALK,2021,Q1,RPM,manual_only,NO_MANUAL_ROW
ALK,2021,Q2,RPM,manual_only,NO_MANUAL_ROW
ALK,2021,Q3,RPM,manual_only,NO_MANUAL_ROW
ALK,2021,Q4,RPM,manual_only,NO_MANUAL_ROW
ALK,2022,FY,RPM,manual_only,NO_MANUAL_ROW
ALK,2022,Q1,RPM,manual_only,NO_MANUAL_ROW
ALK,2022,Q2,RPM,manual_only,NO_MANUAL_ROW
ALK,2022,Q3,RPM,manual_only,NO_MANUAL_ROW
ALK,2022,Q4,RPM,manual_only,NO_MANUAL_ROW
ALK,2023,FY,RPM,manual_only,NO_MANUAL_ROW
ALK,2023,Q1,RPM,manual_only,NO_MANUAL_ROW
ALK,2023,Q2,RPM,manual_only,NO_MANUAL_ROW
ALK,2023,Q3,RPM,manual_only,NO_MANUAL_ROW
ALK,2023,Q4,RPM,manual_only,NO_MANUAL_ROW
ALK,2024,FY,RPM,manual_only,NO_MANUAL_ROW
ALK,2024,Q1,RPM,manual_only,NO_MANUAL_ROW
ALK,2024,Q2,RPM,manual_only,NO_MANUAL_ROW
ALK,2024,Q3,RPM,manual_only,NO_MANUAL_ROW
ALK,2024,Q4,RPM,manual_only,NO_MANUAL_ROW
ALK,2025,FY,RPM,manual_only,NO_MANUAL_ROW
ALK,2025,Q1,RPM,manual_only,NO_MANUAL_ROW
ALK,2025,Q2,RPM,manual_only,NO_MANUAL_ROW
ALK,2025,Q3,RPM,manual_only,NO_MANUAL_ROW
ALK,2025,Q4,RPM,manual_only,NO_MANUAL_ROW
ALK,2026,Q1,RPM,manual_only,NO_MANUAL_ROW
DAL,2019,Q1,Short-Term Investments,auto_xbrl,NO_AUTO_VALUE
DAL,2025,FY,Short-Term Investments,auto_xbrl,NO_AUTO_VALUE
DAL,2025,Q1,Short-Term Investments,auto_xbrl,NO_AUTO_VALUE
DAL,2025,Q2,Short-Term Investments,auto_xbrl,NO_AUTO_VALUE
DAL,2025,Q3,Short-Term Investments,auto_xbrl,NO_AUTO_VALUE
DAL,2025,Q4,Short-Term Investments,auto_xbrl,NO_AUTO_VALUE
DAL,2026,Q1,Short-Term Investments,auto_xbrl,NO_AUTO_VALUE
DAL,2026,Q2,Short-Term Investments,auto_xbrl,NO_AUTO_VALUE
HA,2014,FY,ASM,manual_only,NO_MANUAL_ROW
HA,2014,Q1,ASM,manual_only,NO_MANUAL_ROW
HA,2014,Q2,ASM,manual_only,NO_MANUAL_ROW
HA,2014,Q3,ASM,manual_only,NO_MANUAL_ROW
HA,2014,Q4,ASM,manual_only,NO_MANUAL_ROW
HA,2015,FY,ASM,manual_only,NO_MANUAL_ROW
HA,2015,Q1,ASM,manual_only,NO_MANUAL_ROW
HA,2015,Q2,ASM,manual_only,NO_MANUAL_ROW
HA,2015,Q3,ASM,manual_only,NO_MANUAL_ROW
HA,2015,Q4,ASM,manual_only,NO_MANUAL_ROW
HA,2016,FY,ASM,manual_only,NO_MANUAL_ROW
HA,2016,Q1,ASM,manual_only,NO_MANUAL_ROW
HA,2016,Q2,ASM,manual_only,NO_MANUAL_ROW
HA,2016,Q3,ASM,manual_only,NO_MANUAL_ROW
HA,2016,Q4,ASM,manual_only,NO_MANUAL_ROW
HA,2017,FY,ASM,manual_only,NO_MANUAL_ROW
HA,2017,Q1,ASM,manual_only,NO_MANUAL_ROW
HA,2017,Q2,ASM,manual_only,NO_MANUAL_ROW
HA,2017,Q3,ASM,manual_only,NO_MANUAL_ROW
HA,2017,Q4,ASM,manual_only,NO_MANUAL_ROW
HA,2018,FY,ASM,manual_only,NO_MANUAL_ROW
HA,2018,Q1,ASM,manual_only,NO_MANUAL_ROW
HA,2018,Q2,ASM,manual_only,NO_MANUAL_ROW
HA,2018,Q3,ASM,manual_only,NO_MANUAL_ROW
HA,2018,Q4,ASM,manual_only,NO_MANUAL_ROW
HA,2019,FY,ASM,manual_only,NO_MANUAL_ROW
HA,2019,Q1,ASM,manual_only,NO_MANUAL_ROW
HA,2019,Q2,ASM,manual_only,NO_MANUAL_ROW
HA,2019,Q3,ASM,manual_only,NO_MANUAL_ROW
HA,2019,Q4,ASM,manual_only,NO_MANUAL_ROW
HA,2020,FY,ASM,manual_only,NO_MANUAL_ROW
HA,2020,Q1,ASM,manual_only,NO_MANUAL_ROW
HA,2020,Q2,ASM,manual_only,NO_MANUAL_ROW
HA,2020,Q3,ASM,manual_only,NO_MANUAL_ROW
HA,2020,Q4,ASM,manual_only,NO_MANUAL_ROW
HA,2021,FY,ASM,manual_only,NO_MANUAL_ROW
HA,2021,Q1,ASM,manual_only,NO_MANUAL_ROW
HA,2021,Q2,ASM,manual_only,NO_MANUAL_ROW
HA,2021,Q3,ASM,manual_only,NO_MANUAL_ROW
HA,2021,Q4,ASM,manual_only,NO_MANUAL_ROW
HA,2022,FY,ASM,manual_only,NO_MANUAL_ROW
HA,2022,Q1,ASM,manual_only,NO_MANUAL_ROW
HA,2022,Q2,ASM,manual_only,NO_MANUAL_ROW
HA,2022,Q3,ASM,manual_only,NO_MANUAL_ROW
HA,2022,Q4,ASM,manual_only,NO_MANUAL_ROW
HA,2023,FY,ASM,manual_only,NO_MANUAL_ROW
HA,2023,Q1,ASM,manual_only,NO_MANUAL_ROW
HA,2023,Q2,ASM,manual_only,NO_MANUAL_ROW
HA,2023,Q3,ASM,manual_only,NO_MANUAL_ROW
HA,2023,Q4,ASM,manual_only,NO_MANUAL_ROW
HA,2024,Q1,ASM,manual_only,NO_MANUAL_ROW
HA,2024,Q2,ASM,manual_only,NO_MANUAL_ROW
HA,2014,FY,Passenger Revenue,manual_only,NO_MANUAL_ROW
HA,2014,Q1,Passenger Revenue,manual_only,NO_MANUAL_ROW
HA,2014,Q2,Passenger Revenue,manual_only,NO_MANUAL_ROW
HA,2014,Q3,Passenger Revenue,manual_only,NO_MANUAL_ROW
HA,2014,Q4,Passenger Revenue,manual_only,NO_MANUAL_ROW
HA,2015,FY,Passenger Revenue,manual_only,NO_MANUAL_ROW
HA,2015,Q1,Passenger Revenue,manual_only,NO_MANUAL_ROW
HA,2015,Q2,Passenger Revenue,manual_only,NO_MANUAL_ROW
HA,2015,Q3,Passenger Revenue,manual_only,NO_MANUAL_ROW
HA,2015,Q4,Passenger Revenue,manual_only,NO_MANUAL_ROW
HA,2016,FY,Passenger Revenue,manual_only,NO_MANUAL_ROW
HA,2016,Q1,Passenger Revenue,manual_only,NO_MANUAL_ROW
HA,2016,Q2,Passenger Revenue,manual_only,NO_MANUAL_ROW
HA,2016,Q3,Passenger Revenue,manual_only,NO_MANUAL_ROW
HA,2016,Q4,Passenger Revenue,manual_only,NO_MANUAL_ROW
HA,2017,FY,Passenger Revenue,manual_only,NO_MANUAL_ROW
HA,2017,Q1,Passenger Revenue,manual_only,NO_MANUAL_ROW
HA,2017,Q2,Passenger Revenue,manual_only,NO_MANUAL_ROW
HA,2017,Q3,Passenger Revenue,manual_only,NO_MANUAL_ROW
HA,2017,Q4,Passenger Revenue,manual_only,NO_MANUAL_ROW
HA,2018,FY,Passenger Revenue,manual_only,NO_MANUAL_ROW
HA,2018,Q1,Passenger Revenue,manual_only,NO_MANUAL_ROW
HA,2018,Q2,Passenger Revenue,manual_only,NO_MANUAL_ROW
HA,2018,Q3,Passenger Revenue,manual_only,NO_MANUAL_ROW
HA,2018,Q4,Passenger Revenue,manual_only,NO_MANUAL_ROW
HA,2019,FY,Passenger Revenue,manual_only,NO_MANUAL_ROW
HA,2019,Q1,Passenger Revenue,manual_only,NO_MANUAL_ROW
HA,2019,Q2,Passenger Revenue,manual_only,NO_MANUAL_ROW
HA,2019,Q3,Passenger Revenue,manual_only,NO_MANUAL_ROW
HA,2019,Q4,Passenger Revenue,manual_only,NO_MANUAL_ROW
HA,2020,FY,Passenger Revenue,manual_only,NO_MANUAL_ROW
HA,2020,Q1,Passenger Revenue,manual_only,NO_MANUAL_ROW
HA,2020,Q2,Passenger Revenue,manual_only,NO_MANUAL_ROW
HA,2020,Q3,Passenger Revenue,manual_only,NO_MANUAL_ROW
HA,2020,Q4,Passenger Revenue,manual_only,NO_MANUAL_ROW
HA,2021,FY,Passenger Revenue,manual_only,NO_MANUAL_ROW
HA,2021,Q1,Passenger Revenue,manual_only,NO_MANUAL_ROW
HA,2021,Q2,Passenger Revenue,manual_only,NO_MANUAL_ROW
HA,2021,Q3,Passenger Revenue,manual_only,NO_MANUAL_ROW
HA,2021,Q4,Passenger Revenue,manual_only,NO_MANUAL_ROW
HA,2022,FY,Passenger Revenue,manual_only,NO_MANUAL_ROW
HA,2022,Q1,Passenger Revenue,manual_only,NO_MANUAL_ROW
HA,2022,Q2,Passenger Revenue,manual_only,NO_MANUAL_ROW
HA,2022,Q3,Passenger Revenue,manual_only,NO_MANUAL_ROW
HA,2022,Q4,Passenger Revenue,manual_only,NO_MANUAL_ROW
HA,2023,FY,Passenger Revenue,manual_only,NO_MANUAL_ROW
HA,2023,Q1,Passenger Revenue,manual_only,NO_MANUAL_ROW
HA,2023,Q2,Passenger Revenue,manual_only,NO_MANUAL_ROW
HA,2023,Q3,Passenger Revenue,manual_only,NO_MANUAL_ROW
HA,2023,Q4,Passenger Revenue,manual_only,NO_MANUAL_ROW
HA,2024,Q1,Passenger Revenue,manual_only,NO_MANUAL_ROW
HA,2024,Q2,Passenger Revenue,manual_only,NO_MANUAL_ROW
HA,2014,FY,Profit Sharing,manual_only,NO_MANUAL_ROW
HA,2014,Q1,Profit Sharing,manual_only,NO_MANUAL_ROW
HA,2014,Q2,Profit Sharing,manual_only,NO_MANUAL_ROW
HA,2014,Q3,Profit Sharing,manual_only,NO_MANUAL_ROW
HA,2014,Q4,Profit Sharing,manual_only,NO_MANUAL_ROW
HA,2015,FY,Profit Sharing,manual_only,NO_MANUAL_ROW
HA,2015,Q1,Profit Sharing,manual_only,NO_MANUAL_ROW
HA,2015,Q2,Profit Sharing,manual_only,NO_MANUAL_ROW
HA,2015,Q3,Profit Sharing,manual_only,NO_MANUAL_ROW
HA,2015,Q4,Profit Sharing,manual_only,NO_MANUAL_ROW
HA,2016,FY,Profit Sharing,manual_only,NO_MANUAL_ROW
HA,2016,Q1,Profit Sharing,manual_only,NO_MANUAL_ROW
HA,2016,Q2,Profit Sharing,manual_only,NO_MANUAL_ROW
HA,2016,Q3,Profit Sharing,manual_only,NO_MANUAL_ROW
HA,2016,Q4,Profit Sharing,manual_only,NO_MANUAL_ROW
HA,2017,FY,Profit Sharing,manual_only,NO_MANUAL_ROW
HA,2017,Q1,Profit Sharing,manual_only,NO_MANUAL_ROW
HA,2017,Q2,Profit Sharing,manual_only,NO_MANUAL_ROW
HA,2017,Q3,Profit Sharing,manual_only,NO_MANUAL_ROW
HA,2017,Q4,Profit Sharing,manual_only,NO_MANUAL_ROW
HA,2018,FY,Profit Sharing,manual_only,NO_MANUAL_ROW
HA,2018,Q1,Profit Sharing,manual_only,NO_MANUAL_ROW
HA,2018,Q2,Profit Sharing,manual_only,NO_MANUAL_ROW
HA,2018,Q3,Profit Sharing,manual_only,NO_MANUAL_ROW
HA,2018,Q4,Profit Sharing,manual_only,NO_MANUAL_ROW
HA,2019,FY,Profit Sharing,manual_only,NO_MANUAL_ROW
HA,2019,Q1,Profit Sharing,manual_only,NO_MANUAL_ROW
HA,2019,Q2,Profit Sharing,manual_only,NO_MANUAL_ROW
HA,2019,Q3,Profit Sharing,manual_only,NO_MANUAL_ROW
HA,2019,Q4,Profit Sharing,manual_only,NO_MANUAL_ROW
HA,2020,FY,Profit Sharing,manual_only,NO_MANUAL_ROW
HA,2020,Q1,Profit Sharing,manual_only,NO_MANUAL_ROW
HA,2020,Q2,Profit Sharing,manual_only,NO_MANUAL_ROW
HA,2020,Q3,Profit Sharing,manual_only,NO_MANUAL_ROW
HA,2020,Q4,Profit Sharing,manual_only,NO_MANUAL_ROW
HA,2021,FY,Profit Sharing,manual_only,NO_MANUAL_ROW
HA,2021,Q1,Profit Sharing,manual_only,NO_MANUAL_ROW
HA,2021,Q2,Profit Sharing,manual_only,NO_MANUAL_ROW
HA,2021,Q3,Profit Sharing,manual_only,NO_MANUAL_ROW
HA,2021,Q4,Profit Sharing,manual_only,NO_MANUAL_ROW
HA,2022,FY,Profit Sharing,manual_only,NO_MANUAL_ROW
HA,2022,Q1,Profit Sharing,manual_only,NO_MANUAL_ROW
HA,2022,Q2,Profit Sharing,manual_only,NO_MANUAL_ROW
HA,2022,Q3,Profit Sharing,manual_only,NO_MANUAL_ROW
HA,2022,Q4,Profit Sharing,manual_only,NO_MANUAL_ROW
HA,2023,FY,Profit Sharing,manual_only,NO_MANUAL_ROW
HA,2023,Q1,Profit Sharing,manual_only,NO_MANUAL_ROW
HA,2023,Q2,Profit Sharing,manual_only,NO_MANUAL_ROW
HA,2023,Q3,Profit Sharing,manual_only,NO_MANUAL_ROW
HA,2023,Q4,Profit Sharing,manual_only,NO_MANUAL_ROW
HA,2024,Q1,Profit Sharing,manual_only,NO_MANUAL_ROW
HA,2024,Q2,Profit Sharing,manual_only,NO_MANUAL_ROW
HA,2014,FY,RPM,manual_only,NO_MANUAL_ROW
HA,2014,Q1,RPM,manual_only,NO_MANUAL_ROW
HA,2014,Q2,RPM,manual_only,NO_MANUAL_ROW
HA,2014,Q3,RPM,manual_only,NO_MANUAL_ROW
HA,2014,Q4,RPM,manual_only,NO_MANUAL_ROW
HA,2015,FY,RPM,manual_only,NO_MANUAL_ROW
HA,2015,Q1,RPM,manual_only,NO_MANUAL_ROW
HA,2015,Q2,RPM,manual_only,NO_MANUAL_ROW
HA,2015,Q3,RPM,manual_only,NO_MANUAL_ROW
HA,2015,Q4,RPM,manual_only,NO_MANUAL_ROW
HA,2016,FY,RPM,manual_only,NO_MANUAL_ROW
HA,2016,Q1,RPM,manual_only,NO_MANUAL_ROW
HA,2016,Q2,RPM,manual_only,NO_MANUAL_ROW
HA,2016,Q3,RPM,manual_only,NO_MANUAL_ROW
HA,2016,Q4,RPM,manual_only,NO_MANUAL_ROW
HA,2017,FY,RPM,manual_only,NO_MANUAL_ROW
HA,2017,Q1,RPM,manual_only,NO_MANUAL_ROW
HA,2017,Q2,RPM,manual_only,NO_MANUAL_ROW
HA,2017,Q3,RPM,manual_only,NO_MANUAL_ROW
HA,2017,Q4,RPM,manual_only,NO_MANUAL_ROW
HA,2018,FY,RPM,manual_only,NO_MANUAL_ROW
HA,2018,Q1,RPM,manual_only,NO_MANUAL_ROW
HA,2018,Q2,RPM,manual_only,NO_MANUAL_ROW
HA,2018,Q3,RPM,manual_only,NO_MANUAL_ROW
HA,2018,Q4,RPM,manual_only,NO_MANUAL_ROW
HA,2019,FY,RPM,manual_only,NO_MANUAL_ROW
HA,2019,Q1,RPM,manual_only,NO_MANUAL_ROW
HA,2019,Q2,RPM,manual_only,NO_MANUAL_ROW
HA,2019,Q3,RPM,manual_only,NO_MANUAL_ROW
HA,2019,Q4,RPM,manual_only,NO_MANUAL_ROW
HA,2020,FY,RPM,manual_only,NO_MANUAL_ROW
HA,2020,Q1,RPM,manual_only,NO_MANUAL_ROW
HA,2020,Q2,RPM,manual_only,NO_MANUAL_ROW
HA,2020,Q3,RPM,manual_only,NO_MANUAL_ROW
HA,2020,Q4,RPM,manual_only,NO_MANUAL_ROW
HA,2021,FY,RPM,manual_only,NO_MANUAL_ROW
HA,2021,Q1,RPM,manual_only,NO_MANUAL_ROW
HA,2021,Q2,RPM,manual_only,NO_MANUAL_ROW
HA,2021,Q3,RPM,manual_only,NO_MANUAL_ROW
HA,2021,Q4,RPM,manual_only,NO_MANUAL_ROW
HA,2022,FY,RPM,manual_only,NO_MANUAL_ROW
HA,2022,Q1,RPM,manual_only,NO_MANUAL_ROW
HA,2022,Q2,RPM,manual_only,NO_MANUAL_ROW
HA,2022,Q3,RPM,manual_only,NO_MANUAL_ROW
HA,2022,Q4,RPM,manual_only,NO_MANUAL_ROW
HA,2023,FY,RPM,manual_only,NO_MANUAL_ROW
HA,2023,Q1,RPM,manual_only,NO_MANUAL_ROW
HA,2023,Q2,RPM,manual_only,NO_MANUAL_ROW
HA,2023,Q3,RPM,manual_only,NO_MANUAL_ROW
HA,2023,Q4,RPM,manual_only,NO_MANUAL_ROW
HA,2024,Q1,RPM,manual_only,NO_MANUAL_ROW
HA,2024,Q2,RPM,manual_only,NO_MANUAL_ROW
JBLU,2014,FY,ASM,manual_only,NO_MANUAL_ROW
JBLU,2014,Q1,ASM,manual_only,NO_MANUAL_ROW
JBLU,2014,Q2,ASM,manual_only,NO_MANUAL_ROW
JBLU,2014,Q3,ASM,manual_only,NO_MANUAL_ROW
JBLU,2014,Q4,ASM,manual_only,NO_MANUAL_ROW
JBLU,2015,FY,ASM,manual_only,NO_MANUAL_ROW
JBLU,2015,Q1,ASM,manual_only,NO_MANUAL_ROW
JBLU,2015,Q2,ASM,manual_only,NO_MANUAL_ROW
JBLU,2015,Q3,ASM,manual_only,NO_MANUAL_ROW
JBLU,2015,Q4,ASM,manual_only,NO_MANUAL_ROW
JBLU,2016,FY,ASM,manual_only,NO_MANUAL_ROW
JBLU,2016,Q1,ASM,manual_only,NO_MANUAL_ROW
JBLU,2016,Q2,ASM,manual_only,NO_MANUAL_ROW
JBLU,2016,Q3,ASM,manual_only,NO_MANUAL_ROW
JBLU,2016,Q4,ASM,manual_only,NO_MANUAL_ROW
JBLU,2017,FY,ASM,manual_only,NO_MANUAL_ROW
JBLU,2017,Q1,ASM,manual_only,NO_MANUAL_ROW
JBLU,2017,Q2,ASM,manual_only,NO_MANUAL_ROW
JBLU,2017,Q3,ASM,manual_only,NO_MANUAL_ROW
JBLU,2017,Q4,ASM,manual_only,NO_MANUAL_ROW
JBLU,2018,FY,ASM,manual_only,NO_MANUAL_ROW
JBLU,2018,Q1,ASM,manual_only,NO_MANUAL_ROW
JBLU,2018,Q2,ASM,manual_only,NO_MANUAL_ROW
JBLU,2018,Q3,ASM,manual_only,NO_MANUAL_ROW
JBLU,2018,Q4,ASM,manual_only,NO_MANUAL_ROW
JBLU,2019,FY,ASM,manual_only,NO_MANUAL_ROW
JBLU,2019,Q1,ASM,manual_only,NO_MANUAL_ROW
JBLU,2019,Q2,ASM,manual_only,NO_MANUAL_ROW
JBLU,2019,Q3,ASM,manual_only,NO_MANUAL_ROW
JBLU,2019,Q4,ASM,manual_only,NO_MANUAL_ROW
JBLU,2020,FY,ASM,manual_only,NO_MANUAL_ROW
JBLU,2020,Q1,ASM,manual_only,NO_MANUAL_ROW
JBLU,2020,Q2,ASM,manual_only,NO_MANUAL_ROW
JBLU,2020,Q3,ASM,manual_only,NO_MANUAL_ROW
JBLU,2020,Q4,ASM,manual_only,NO_MANUAL_ROW
JBLU,2021,FY,ASM,manual_only,NO_MANUAL_ROW
JBLU,2021,Q1,ASM,manual_only,NO_MANUAL_ROW
JBLU,2021,Q2,ASM,manual_only,NO_MANUAL_ROW
JBLU,2021,Q3,ASM,manual_only,NO_MANUAL_ROW
JBLU,2021,Q4,ASM,manual_only,NO_MANUAL_ROW
JBLU,2022,FY,ASM,manual_only,NO_MANUAL_ROW
JBLU,2022,Q1,ASM,manual_only,NO_MANUAL_ROW
JBLU,2022,Q2,ASM,manual_only,NO_MANUAL_ROW
JBLU,2022,Q3,ASM,manual_only,NO_MANUAL_ROW
JBLU,2022,Q4,ASM,manual_only,NO_MANUAL_ROW
JBLU,2023,FY,ASM,manual_only,NO_MANUAL_ROW
JBLU,2023,Q1,ASM,manual_only,NO_MANUAL_ROW
JBLU,2023,Q2,ASM,manual_only,NO_MANUAL_ROW
JBLU,2023,Q3,ASM,manual_only,NO_MANUAL_ROW
JBLU,2023,Q4,ASM,manual_only,NO_MANUAL_ROW
JBLU,2024,FY,ASM,manual_only,NO_MANUAL_ROW
JBLU,2024,Q1,ASM,manual_only,NO_MANUAL_ROW
JBLU,2024,Q2,ASM,manual_only,NO_MANUAL_ROW
JBLU,2024,Q3,ASM,manual_only,NO_MANUAL_ROW
JBLU,2024,Q4,ASM,manual_only,NO_MANUAL_ROW
JBLU,2025,FY,ASM,manual_only,NO_MANUAL_ROW
JBLU,2025,Q1,ASM,manual_only,NO_MANUAL_ROW
JBLU,2025,Q2,ASM,manual_only,NO_MANUAL_ROW
JBLU,2025,Q3,ASM,manual_only,NO_MANUAL_ROW
JBLU,2025,Q4,ASM,manual_only,NO_MANUAL_ROW
JBLU,2026,Q1,ASM,manual_only,NO_MANUAL_ROW
JBLU,2026,Q2,ASM,manual_only,NO_MANUAL_ROW
JBLU,2014,FY,Passenger Revenue,manual_only,NO_MANUAL_ROW
JBLU,2014,Q1,Passenger Revenue,manual_only,NO_MANUAL_ROW
JBLU,2014,Q2,Passenger Revenue,manual_only,NO_MANUAL_ROW
JBLU,2014,Q3,Passenger Revenue,manual_only,NO_MANUAL_ROW
JBLU,2014,Q4,Passenger Revenue,manual_only,NO_MANUAL_ROW
JBLU,2015,FY,Passenger Revenue,manual_only,NO_MANUAL_ROW
JBLU,2015,Q1,Passenger Revenue,manual_only,NO_MANUAL_ROW
JBLU,2015,Q2,Passenger Revenue,manual_only,NO_MANUAL_ROW
JBLU,2015,Q3,Passenger Revenue,manual_only,NO_MANUAL_ROW
JBLU,2015,Q4,Passenger Revenue,manual_only,NO_MANUAL_ROW
JBLU,2016,FY,Passenger Revenue,manual_only,NO_MANUAL_ROW
JBLU,2016,Q1,Passenger Revenue,manual_only,NO_MANUAL_ROW
JBLU,2016,Q2,Passenger Revenue,manual_only,NO_MANUAL_ROW
JBLU,2016,Q3,Passenger Revenue,manual_only,NO_MANUAL_ROW
JBLU,2016,Q4,Passenger Revenue,manual_only,NO_MANUAL_ROW
JBLU,2017,FY,Passenger Revenue,manual_only,NO_MANUAL_ROW
JBLU,2017,Q1,Passenger Revenue,manual_only,NO_MANUAL_ROW
JBLU,2017,Q2,Passenger Revenue,manual_only,NO_MANUAL_ROW
JBLU,2017,Q3,Passenger Revenue,manual_only,NO_MANUAL_ROW
JBLU,2017,Q4,Passenger Revenue,manual_only,NO_MANUAL_ROW
JBLU,2018,FY,Passenger Revenue,manual_only,NO_MANUAL_ROW
JBLU,2018,Q1,Passenger Revenue,manual_only,NO_MANUAL_ROW
JBLU,2018,Q2,Passenger Revenue,manual_only,NO_MANUAL_ROW
JBLU,2018,Q3,Passenger Revenue,manual_only,NO_MANUAL_ROW
JBLU,2018,Q4,Passenger Revenue,manual_only,NO_MANUAL_ROW
JBLU,2019,FY,Passenger Revenue,manual_only,NO_MANUAL_ROW
JBLU,2019,Q1,Passenger Revenue,manual_only,NO_MANUAL_ROW
JBLU,2019,Q2,Passenger Revenue,manual_only,NO_MANUAL_ROW
JBLU,2019,Q3,Passenger Revenue,manual_only,NO_MANUAL_ROW
JBLU,2019,Q4,Passenger Revenue,manual_only,NO_MANUAL_ROW
JBLU,2020,FY,Passenger Revenue,manual_only,NO_MANUAL_ROW
JBLU,2020,Q1,Passenger Revenue,manual_only,NO_MANUAL_ROW
JBLU,2020,Q2,Passenger Revenue,manual_only,NO_MANUAL_ROW
JBLU,2020,Q3,Passenger Revenue,manual_only,NO_MANUAL_ROW
JBLU,2020,Q4,Passenger Revenue,manual_only,NO_MANUAL_ROW
JBLU,2021,FY,Passenger Revenue,manual_only,NO_MANUAL_ROW
JBLU,2021,Q1,Passenger Revenue,manual_only,NO_MANUAL_ROW
JBLU,2021,Q2,Passenger Revenue,manual_only,NO_MANUAL_ROW
JBLU,2021,Q3,Passenger Revenue,manual_only,NO_MANUAL_ROW
JBLU,2021,Q4,Passenger Revenue,manual_only,NO_MANUAL_ROW
JBLU,2022,FY,Passenger Revenue,manual_only,NO_MANUAL_ROW
JBLU,2022,Q1,Passenger Revenue,manual_only,NO_MANUAL_ROW
JBLU,2022,Q2,Passenger Revenue,manual_only,NO_MANUAL_ROW
JBLU,2022,Q3,Passenger Revenue,manual_only,NO_MANUAL_ROW
JBLU,2022,Q4,Passenger Revenue,manual_only,NO_MANUAL_ROW
JBLU,2023,FY,Passenger Revenue,manual_only,NO_MANUAL_ROW
JBLU,2023,Q1,Passenger Revenue,manual_only,NO_MANUAL_ROW
JBLU,2023,Q2,Passenger Revenue,manual_only,NO_MANUAL_ROW
JBLU,2023,Q3,Passenger Revenue,manual_only,NO_MANUAL_ROW
JBLU,2023,Q4,Passenger Revenue,manual_only,NO_MANUAL_ROW
JBLU,2024,FY,Passenger Revenue,manual_only,NO_MANUAL_ROW
JBLU,2024,Q1,Passenger Revenue,manual_only,NO_MANUAL_ROW
JBLU,2024,Q2,Passenger Revenue,manual_only,NO_MANUAL_ROW
JBLU,2024,Q3,Passenger Revenue,manual_only,NO_MANUAL_ROW
JBLU,2024,Q4,Passenger Revenue,manual_only,NO_MANUAL_ROW
JBLU,2025,FY,Passenger Revenue,manual_only,NO_MANUAL_ROW
JBLU,2025,Q1,Passenger Revenue,manual_only,NO_MANUAL_ROW
JBLU,2025,Q2,Passenger Revenue,manual_only,NO_MANUAL_ROW
JBLU,2025,Q3,Passenger Revenue,manual_only,NO_MANUAL_ROW
JBLU,2025,Q4,Passenger Revenue,manual_only,NO_MANUAL_ROW
JBLU,2026,Q1,Passenger Revenue,manual_only,NO_MANUAL_ROW
JBLU,2026,Q2,Passenger Revenue,manual_only,NO_MANUAL_ROW
JBLU,2014,FY,Profit Sharing,manual_only,NO_MANUAL_ROW
JBLU,2014,Q1,Profit Sharing,manual_only,NO_MANUAL_ROW
JBLU,2014,Q2,Profit Sharing,manual_only,NO_MANUAL_ROW
JBLU,2014,Q3,Profit Sharing,manual_only,NO_MANUAL_ROW
JBLU,2014,Q4,Profit Sharing,manual_only,NO_MANUAL_ROW
JBLU,2015,FY,Profit Sharing,manual_only,NO_MANUAL_ROW
JBLU,2015,Q1,Profit Sharing,manual_only,NO_MANUAL_ROW
JBLU,2015,Q2,Profit Sharing,manual_only,NO_MANUAL_ROW
JBLU,2015,Q3,Profit Sharing,manual_only,NO_MANUAL_ROW
JBLU,2015,Q4,Profit Sharing,manual_only,NO_MANUAL_ROW
JBLU,2016,FY,Profit Sharing,manual_only,NO_MANUAL_ROW
JBLU,2016,Q1,Profit Sharing,manual_only,NO_MANUAL_ROW
JBLU,2016,Q2,Profit Sharing,manual_only,NO_MANUAL_ROW
JBLU,2016,Q3,Profit Sharing,manual_only,NO_MANUAL_ROW
JBLU,2016,Q4,Profit Sharing,manual_only,NO_MANUAL_ROW
JBLU,2017,FY,Profit Sharing,manual_only,NO_MANUAL_ROW
JBLU,2017,Q1,Profit Sharing,manual_only,NO_MANUAL_ROW
JBLU,2017,Q2,Profit Sharing,manual_only,NO_MANUAL_ROW
JBLU,2017,Q3,Profit Sharing,manual_only,NO_MANUAL_ROW
JBLU,2017,Q4,Profit Sharing,manual_only,NO_MANUAL_ROW
JBLU,2018,FY,Profit Sharing,manual_only,NO_MANUAL_ROW
JBLU,2018,Q1,Profit Sharing,manual_only,NO_MANUAL_ROW
JBLU,2018,Q2,Profit Sharing,manual_only,NO_MANUAL_ROW
JBLU,2018,Q3,Profit Sharing,manual_only,NO_MANUAL_ROW
JBLU,2018,Q4,Profit Sharing,manual_only,NO_MANUAL_ROW
JBLU,2019,FY,Profit Sharing,manual_only,NO_MANUAL_ROW
JBLU,2019,Q1,Profit Sharing,manual_only,NO_MANUAL_ROW
JBLU,2019,Q2,Profit Sharing,manual_only,NO_MANUAL_ROW
JBLU,2019,Q3,Profit Sharing,manual_only,NO_MANUAL_ROW
JBLU,2019,Q4,Profit Sharing,manual_only,NO_MANUAL_ROW
JBLU,2020,FY,Profit Sharing,manual_only,NO_MANUAL_ROW
JBLU,2020,Q1,Profit Sharing,manual_only,NO_MANUAL_ROW
JBLU,2020,Q2,Profit Sharing,manual_only,NO_MANUAL_ROW
JBLU,2020,Q3,Profit Sharing,manual_only,NO_MANUAL_ROW
JBLU,2020,Q4,Profit Sharing,manual_only,NO_MANUAL_ROW
JBLU,2021,FY,Profit Sharing,manual_only,NO_MANUAL_ROW
JBLU,2021,Q1,Profit Sharing,manual_only,NO_MANUAL_ROW
JBLU,2021,Q2,Profit Sharing,manual_only,NO_MANUAL_ROW
JBLU,2021,Q3,Profit Sharing,manual_only,NO_MANUAL_ROW
JBLU,2021,Q4,Profit Sharing,manual_only,NO_MANUAL_ROW
JBLU,2022,FY,Profit Sharing,manual_only,NO_MANUAL_ROW
JBLU,2022,Q1,Profit Sharing,manual_only,NO_MANUAL_ROW
JBLU,2022,Q2,Profit Sharing,manual_only,NO_MANUAL_ROW
JBLU,2022,Q3,Profit Sharing,manual_only,NO_MANUAL_ROW
JBLU,2022,Q4,Profit Sharing,manual_only,NO_MANUAL_ROW
JBLU,2023,FY,Profit Sharing,manual_only,NO_MANUAL_ROW
JBLU,2023,Q1,Profit Sharing,manual_only,NO_MANUAL_ROW
JBLU,2023,Q2,Profit Sharing,manual_only,NO_MANUAL_ROW
JBLU,2023,Q3,Profit Sharing,manual_only,NO_MANUAL_ROW
JBLU,2023,Q4,Profit Sharing,manual_only,NO_MANUAL_ROW
JBLU,2024,FY,Profit Sharing,manual_only,NO_MANUAL_ROW
JBLU,2024,Q1,Profit Sharing,manual_only,NO_MANUAL_ROW
JBLU,2024,Q2,Profit Sharing,manual_only,NO_MANUAL_ROW
JBLU,2024,Q3,Profit Sharing,manual_only,NO_MANUAL_ROW
JBLU,2024,Q4,Profit Sharing,manual_only,NO_MANUAL_ROW
JBLU,2025,FY,Profit Sharing,manual_only,NO_MANUAL_ROW
JBLU,2025,Q1,Profit Sharing,manual_only,NO_MANUAL_ROW
JBLU,2025,Q2,Profit Sharing,manual_only,NO_MANUAL_ROW
JBLU,2025,Q3,Profit Sharing,manual_only,NO_MANUAL_ROW
JBLU,2025,Q4,Profit Sharing,manual_only,NO_MANUAL_ROW
JBLU,2026,Q1,Profit Sharing,manual_only,NO_MANUAL_ROW
JBLU,2026,Q2,Profit Sharing,manual_only,NO_MANUAL_ROW
JBLU,2014,FY,RPM,manual_only,NO_MANUAL_ROW
JBLU,2014,Q1,RPM,manual_only,NO_MANUAL_ROW
JBLU,2014,Q2,RPM,manual_only,NO_MANUAL_ROW
JBLU,2014,Q3,RPM,manual_only,NO_MANUAL_ROW
JBLU,2014,Q4,RPM,manual_only,NO_MANUAL_ROW
JBLU,2015,FY,RPM,manual_only,NO_MANUAL_ROW
JBLU,2015,Q1,RPM,manual_only,NO_MANUAL_ROW
JBLU,2015,Q2,RPM,manual_only,NO_MANUAL_ROW
JBLU,2015,Q3,RPM,manual_only,NO_MANUAL_ROW
JBLU,2015,Q4,RPM,manual_only,NO_MANUAL_ROW
JBLU,2016,FY,RPM,manual_only,NO_MANUAL_ROW
JBLU,2016,Q1,RPM,manual_only,NO_MANUAL_ROW
JBLU,2016,Q2,RPM,manual_only,NO_MANUAL_ROW
JBLU,2016,Q3,RPM,manual_only,NO_MANUAL_ROW
JBLU,2016,Q4,RPM,manual_only,NO_MANUAL_ROW
JBLU,2017,FY,RPM,manual_only,NO_MANUAL_ROW
JBLU,2017,Q1,RPM,manual_only,NO_MANUAL_ROW
JBLU,2017,Q2,RPM,manual_only,NO_MANUAL_ROW
JBLU,2017,Q3,RPM,manual_only,NO_MANUAL_ROW
JBLU,2017,Q4,RPM,manual_only,NO_MANUAL_ROW
JBLU,2018,FY,RPM,manual_only,NO_MANUAL_ROW
JBLU,2018,Q1,RPM,manual_only,NO_MANUAL_ROW
JBLU,2018,Q2,RPM,manual_only,NO_MANUAL_ROW
JBLU,2018,Q3,RPM,manual_only,NO_MANUAL_ROW
JBLU,2018,Q4,RPM,manual_only,NO_MANUAL_ROW
JBLU,2019,FY,RPM,manual_only,NO_MANUAL_ROW
JBLU,2019,Q1,RPM,manual_only,NO_MANUAL_ROW
JBLU,2019,Q2,RPM,manual_only,NO_MANUAL_ROW
JBLU,2019,Q3,RPM,manual_only,NO_MANUAL_ROW
JBLU,2019,Q4,RPM,manual_only,NO_MANUAL_ROW
JBLU,2020,FY,RPM,manual_only,NO_MANUAL_ROW
JBLU,2020,Q1,RPM,manual_only,NO_MANUAL_ROW
JBLU,2020,Q2,RPM,manual_only,NO_MANUAL_ROW
JBLU,2020,Q3,RPM,manual_only,NO_MANUAL_ROW
JBLU,2020,Q4,RPM,manual_only,NO_MANUAL_ROW
JBLU,2021,FY,RPM,manual_only,NO_MANUAL_ROW
JBLU,2021,Q1,RPM,manual_only,NO_MANUAL_ROW
JBLU,2021,Q2,RPM,manual_only,NO_MANUAL_ROW
JBLU,2021,Q3,RPM,manual_only,NO_MANUAL_ROW
JBLU,2021,Q4,RPM,manual_only,NO_MANUAL_ROW
JBLU,2022,FY,RPM,manual_only,NO_MANUAL_ROW
JBLU,2022,Q1,RPM,manual_only,NO_MANUAL_ROW
JBLU,2022,Q2,RPM,manual_only,NO_MANUAL_ROW
JBLU,2022,Q3,RPM,manual_only,NO_MANUAL_ROW
JBLU,2022,Q4,RPM,manual_only,NO_MANUAL_ROW
JBLU,2023,FY,RPM,manual_only,NO_MANUAL_ROW
JBLU,2023,Q1,RPM,manual_only,NO_MANUAL_ROW
JBLU,2023,Q2,RPM,manual_only,NO_MANUAL_ROW
JBLU,2023,Q3,RPM,manual_only,NO_MANUAL_ROW
JBLU,2023,Q4,RPM,manual_only,NO_MANUAL_ROW
JBLU,2024,FY,RPM,manual_only,NO_MANUAL_ROW
JBLU,2024,Q1,RPM,manual_only,NO_MANUAL_ROW
JBLU,2024,Q2,RPM,manual_only,NO_MANUAL_ROW
JBLU,2024,Q3,RPM,manual_only,NO_MANUAL_ROW
JBLU,2024,Q4,RPM,manual_only,NO_MANUAL_ROW
JBLU,2025,FY,RPM,manual_only,NO_MANUAL_ROW
JBLU,2025,Q1,RPM,manual_only,NO_MANUAL_ROW
JBLU,2025,Q2,RPM,manual_only,NO_MANUAL_ROW
JBLU,2025,Q3,RPM,manual_only,NO_MANUAL_ROW
JBLU,2025,Q4,RPM,manual_only,NO_MANUAL_ROW
JBLU,2026,Q1,RPM,manual_only,NO_MANUAL_ROW
JBLU,2026,Q2,RPM,manual_only,NO_MANUAL_ROW
LUV,2026,Q1,Short-Term Investments,auto_xbrl,NO_AUTO_VALUE
LUV,2026,Q2,Short-Term Investments,auto_xbrl,NO_AUTO_VALUE
RJET,2014,FY,ASM,manual_only,NO_MANUAL_ROW
RJET,2014,Q1,ASM,manual_only,NO_MANUAL_ROW
RJET,2014,Q2,ASM,manual_only,NO_MANUAL_ROW
RJET,2014,Q3,ASM,manual_only,NO_MANUAL_ROW
RJET,2014,Q4,ASM,manual_only,NO_MANUAL_ROW
RJET,2015,FY,ASM,manual_only,NO_MANUAL_ROW
RJET,2015,Q1,ASM,manual_only,NO_MANUAL_ROW
RJET,2015,Q2,ASM,manual_only,NO_MANUAL_ROW
RJET,2015,Q3,ASM,manual_only,NO_MANUAL_ROW
RJET,2015,Q4,ASM,manual_only,NO_MANUAL_ROW
RJET,2016,FY,ASM,manual_only,NO_MANUAL_ROW
RJET,2016,Q1,ASM,manual_only,NO_MANUAL_ROW
RJET,2016,Q2,ASM,manual_only,NO_MANUAL_ROW
RJET,2016,Q3,ASM,manual_only,NO_MANUAL_ROW
RJET,2016,Q4,ASM,manual_only,NO_MANUAL_ROW
RJET,2017,FY,ASM,manual_only,NO_MANUAL_ROW
RJET,2017,Q1,ASM,manual_only,NO_MANUAL_ROW
RJET,2017,Q2,ASM,manual_only,NO_MANUAL_ROW
RJET,2017,Q3,ASM,manual_only,NO_MANUAL_ROW
RJET,2017,Q4,ASM,manual_only,NO_MANUAL_ROW
RJET,2018,FY,ASM,manual_only,NO_MANUAL_ROW
RJET,2018,Q1,ASM,manual_only,NO_MANUAL_ROW
RJET,2018,Q2,ASM,manual_only,NO_MANUAL_ROW
RJET,2018,Q3,ASM,manual_only,NO_MANUAL_ROW
RJET,2018,Q4,ASM,manual_only,NO_MANUAL_ROW
RJET,2019,FY,ASM,manual_only,NO_MANUAL_ROW
RJET,2019,Q1,ASM,manual_only,NO_MANUAL_ROW
RJET,2019,Q2,ASM,manual_only,NO_MANUAL_ROW
RJET,2019,Q3,ASM,manual_only,NO_MANUAL_ROW
RJET,2019,Q4,ASM,manual_only,NO_MANUAL_ROW
RJET,2020,FY,ASM,manual_only,NO_MANUAL_ROW
RJET,2020,Q1,ASM,manual_only,NO_MANUAL_ROW
RJET,2020,Q2,ASM,manual_only,NO_MANUAL_ROW
RJET,2020,Q3,ASM,manual_only,NO_MANUAL_ROW
RJET,2020,Q4,ASM,manual_only,NO_MANUAL_ROW
RJET,2021,FY,ASM,manual_only,NO_MANUAL_ROW
RJET,2021,Q1,ASM,manual_only,NO_MANUAL_ROW
RJET,2021,Q2,ASM,manual_only,NO_MANUAL_ROW
RJET,2021,Q3,ASM,manual_only,NO_MANUAL_ROW
RJET,2021,Q4,ASM,manual_only,NO_MANUAL_ROW
RJET,2022,FY,ASM,manual_only,NO_MANUAL_ROW
RJET,2022,Q1,ASM,manual_only,NO_MANUAL_ROW
RJET,2022,Q2,ASM,manual_only,NO_MANUAL_ROW
RJET,2022,Q3,ASM,manual_only,NO_MANUAL_ROW
RJET,2022,Q4,ASM,manual_only,NO_MANUAL_ROW
RJET,2023,FY,ASM,manual_only,NO_MANUAL_ROW
RJET,2023,Q1,ASM,manual_only,NO_MANUAL_ROW
RJET,2023,Q2,ASM,manual_only,NO_MANUAL_ROW
RJET,2023,Q3,ASM,manual_only,NO_MANUAL_ROW
RJET,2023,Q4,ASM,manual_only,NO_MANUAL_ROW
RJET,2024,FY,ASM,manual_only,NO_MANUAL_ROW
RJET,2024,Q1,ASM,manual_only,NO_MANUAL_ROW
RJET,2024,Q2,ASM,manual_only,NO_MANUAL_ROW
RJET,2024,Q3,ASM,manual_only,NO_MANUAL_ROW
RJET,2024,Q4,ASM,manual_only,NO_MANUAL_ROW
RJET,2025,FY,ASM,manual_only,NO_MANUAL_ROW
RJET,2025,Q1,ASM,manual_only,NO_MANUAL_ROW
RJET,2025,Q2,ASM,manual_only,NO_MANUAL_ROW
RJET,2025,Q3,ASM,manual_only,NO_MANUAL_ROW
RJET,2025,Q4,ASM,manual_only,NO_MANUAL_ROW
RJET,2026,Q1,ASM,manual_only,NO_MANUAL_ROW
RJET,2014,FY,Capital Expenditures,auto_xbrl,NO_AUTO_ROW
RJET,2014,Q1,Capital Expenditures,auto_xbrl,NO_AUTO_ROW
RJET,2014,Q2,Capital Expenditures,auto_xbrl,NO_AUTO_ROW
RJET,2014,Q3,Capital Expenditures,auto_xbrl,NO_AUTO_ROW
RJET,2014,Q4,Capital Expenditures,auto_xbrl,NO_AUTO_ROW
RJET,2015,FY,Capital Expenditures,auto_xbrl,NO_AUTO_VALUE
RJET,2015,Q1,Capital Expenditures,auto_xbrl,NO_AUTO_ROW
RJET,2015,Q2,Capital Expenditures,auto_xbrl,NO_AUTO_ROW
RJET,2015,Q3,Capital Expenditures,auto_xbrl,NO_AUTO_VALUE
RJET,2015,Q4,Capital Expenditures,auto_xbrl,NO_AUTO_VALUE
RJET,2016,Q1,Capital Expenditures,auto_xbrl,NO_AUTO_ROW
RJET,2016,Q2,Capital Expenditures,auto_xbrl,NO_AUTO_ROW
RJET,2016,Q3,Capital Expenditures,auto_xbrl,NO_AUTO_VALUE
RJET,2016,Q4,Capital Expenditures,auto_xbrl,NO_AUTO_VALUE
RJET,2017,Q2,Capital Expenditures,auto_xbrl,NO_AUTO_VALUE
RJET,2017,Q3,Capital Expenditures,auto_xbrl,NO_AUTO_VALUE
RJET,2025,Q2,Capital Expenditures,auto_xbrl,NO_AUTO_VALUE
RJET,2025,Q4,Capital Expenditures,auto_xbrl,NO_AUTO_VALUE
RJET,2014,FY,Cash & Cash Equivalents,auto_xbrl,NO_AUTO_ROW
RJET,2014,Q1,Cash & Cash Equivalents,auto_xbrl,NO_AUTO_ROW
RJET,2014,Q2,Cash & Cash Equivalents,auto_xbrl,NO_AUTO_ROW
RJET,2014,Q3,Cash & Cash Equivalents,auto_xbrl,NO_AUTO_ROW
RJET,2014,Q4,Cash & Cash Equivalents,auto_xbrl,NO_AUTO_ROW
RJET,2015,Q1,Cash & Cash Equivalents,auto_xbrl,NO_AUTO_ROW
RJET,2015,Q2,Cash & Cash Equivalents,auto_xbrl,NO_AUTO_ROW
RJET,2016,Q1,Cash & Cash Equivalents,auto_xbrl,NO_AUTO_ROW
RJET,2016,Q2,Cash & Cash Equivalents,auto_xbrl,NO_AUTO_ROW
RJET,2014,FY,Current Maturities,auto_xbrl,NO_AUTO_ROW
RJET,2014,Q1,Current Maturities,auto_xbrl,NO_AUTO_ROW
RJET,2014,Q2,Current Maturities,auto_xbrl,NO_AUTO_ROW
RJET,2014,Q3,Current Maturities,auto_xbrl,NO_AUTO_ROW
RJET,2014,Q4,Current Maturities,auto_xbrl,NO_AUTO_ROW
RJET,2015,FY,Current Maturities,auto_xbrl,NO_AUTO_VALUE
RJET,2015,Q1,Current Maturities,auto_xbrl,NO_AUTO_ROW
RJET,2015,Q2,Current Maturities,auto_xbrl,NO_AUTO_ROW
RJET,2015,Q3,Current Maturities,auto_xbrl,NO_AUTO_VALUE
RJET,2015,Q4,Current Maturities,auto_xbrl,NO_AUTO_VALUE
RJET,2016,FY,Current Maturities,auto_xbrl,NO_AUTO_VALUE
RJET,2016,Q1,Current Maturities,auto_xbrl,NO_AUTO_ROW
RJET,2016,Q2,Current Maturities,auto_xbrl,NO_AUTO_ROW
RJET,2016,Q3,Current Maturities,auto_xbrl,NO_AUTO_VALUE
RJET,2016,Q4,Current Maturities,auto_xbrl,NO_AUTO_VALUE
RJET,2017,Q1,Current Maturities,auto_xbrl,NO_AUTO_VALUE
RJET,2017,Q2,Current Maturities,auto_xbrl,NO_AUTO_VALUE
RJET,2014,FY,Earnings Per Share,auto_xbrl,NO_AUTO_ROW
RJET,2014,Q1,Earnings Per Share,auto_xbrl,NO_AUTO_ROW
RJET,2014,Q2,Earnings Per Share,auto_xbrl,NO_AUTO_ROW
RJET,2014,Q3,Earnings Per Share,auto_xbrl,NO_AUTO_ROW
RJET,2014,Q4,Earnings Per Share,auto_xbrl,NO_AUTO_ROW
RJET,2015,FY,Earnings Per Share,auto_xbrl,NO_AUTO_VALUE
RJET,2015,Q1,Earnings Per Share,auto_xbrl,NO_AUTO_ROW
RJET,2015,Q2,Earnings Per Share,auto_xbrl,NO_AUTO_ROW
RJET,2015,Q3,Earnings Per Share,auto_xbrl,NO_AUTO_VALUE
RJET,2015,Q4,Earnings Per Share,auto_xbrl,NO_AUTO_VALUE
RJET,2016,Q1,Earnings Per Share,auto_xbrl,NO_AUTO_ROW
RJET,2016,Q2,Earnings Per Share,auto_xbrl,NO_AUTO_ROW
RJET,2016,Q3,Earnings Per Share,auto_xbrl,NO_AUTO_VALUE
RJET,2014,FY,Long-Term Debt,auto_xbrl,NO_AUTO_ROW
RJET,2014,Q1,Long-Term Debt,auto_xbrl,NO_AUTO_ROW
RJET,2014,Q2,Long-Term Debt,auto_xbrl,NO_AUTO_ROW
RJET,2014,Q3,Long-Term Debt,auto_xbrl,NO_AUTO_ROW
RJET,2014,Q4,Long-Term Debt,auto_xbrl,NO_AUTO_ROW
RJET,2015,FY,Long-Term Debt,auto_xbrl,NO_AUTO_VALUE
RJET,2015,Q1,Long-Term Debt,auto_xbrl,NO_AUTO_ROW
RJET,2015,Q2,Long-Term Debt,auto_xbrl,NO_AUTO_ROW
RJET,2015,Q3,Long-Term Debt,auto_xbrl,NO_AUTO_VALUE
RJET,2015,Q4,Long-Term Debt,auto_xbrl,NO_AUTO_VALUE
RJET,2016,FY,Long-Term Debt,auto_xbrl,NO_AUTO_VALUE
RJET,2016,Q1,Long-Term Debt,auto_xbrl,NO_AUTO_ROW
RJET,2016,Q2,Long-Term Debt,auto_xbrl,NO_AUTO_ROW
RJET,2016,Q3,Long-Term Debt,auto_xbrl,NO_AUTO_VALUE
RJET,2016,Q4,Long-Term Debt,auto_xbrl,NO_AUTO_VALUE
RJET,2017,Q1,Long-Term Debt,auto_xbrl,NO_AUTO_VALUE
RJET,2017,Q2,Long-Term Debt,auto_xbrl,NO_AUTO_VALUE
RJET,2014,FY,Net Income,auto_xbrl,NO_AUTO_ROW
RJET,2014,Q1,Net Income,auto_xbrl,NO_AUTO_ROW
RJET,2014,Q2,Net Income,auto_xbrl,NO_AUTO_ROW
RJET,2014,Q3,Net Income,auto_xbrl,NO_AUTO_ROW
RJET,2014,Q4,Net Income,auto_xbrl,NO_AUTO_ROW
RJET,2015,FY,Net Income,auto_xbrl,NO_AUTO_VALUE
RJET,2015,Q1,Net Income,auto_xbrl,NO_AUTO_ROW
RJET,2015,Q2,Net Income,auto_xbrl,NO_AUTO_ROW
RJET,2015,Q3,Net Income,auto_xbrl,NO_AUTO_VALUE
RJET,2015,Q4,Net Income,auto_xbrl,NO_AUTO_VALUE
RJET,2016,Q1,Net Income,auto_xbrl,NO_AUTO_ROW
RJET,2016,Q2,Net Income,auto_xbrl,NO_AUTO_ROW
RJET,2016,Q3,Net Income,auto_xbrl,NO_AUTO_VALUE
RJET,2016,Q4,Net Income,auto_xbrl,NO_AUTO_VALUE
RJET,2014,FY,Operating Cash Flow,auto_xbrl,NO_AUTO_ROW
RJET,2014,Q1,Operating Cash Flow,auto_xbrl,NO_AUTO_ROW
RJET,2014,Q2,Operating Cash Flow,auto_xbrl,NO_AUTO_ROW
RJET,2014,Q3,Operating Cash Flow,auto_xbrl,NO_AUTO_ROW
RJET,2014,Q4,Operating Cash Flow,auto_xbrl,NO_AUTO_ROW
RJET,2015,FY,Operating Cash Flow,auto_xbrl,NO_AUTO_VALUE
RJET,2015,Q1,Operating Cash Flow,auto_xbrl,NO_AUTO_ROW
RJET,2015,Q2,Operating Cash Flow,auto_xbrl,NO_AUTO_ROW
RJET,2015,Q3,Operating Cash Flow,auto_xbrl,NO_AUTO_VALUE
RJET,2015,Q4,Operating Cash Flow,auto_xbrl,NO_AUTO_VALUE
RJET,2016,Q1,Operating Cash Flow,auto_xbrl,NO_AUTO_ROW
RJET,2016,Q2,Operating Cash Flow,auto_xbrl,NO_AUTO_ROW
RJET,2016,Q3,Operating Cash Flow,auto_xbrl,NO_AUTO_VALUE
RJET,2016,Q4,Operating Cash Flow,auto_xbrl,NO_AUTO_VALUE
RJET,2017,Q2,Operating Cash Flow,auto_xbrl,NO_AUTO_VALUE
RJET,2017,Q3,Operating Cash Flow,auto_xbrl,NO_AUTO_VALUE
RJET,2014,FY,Operating Expenses,auto_xbrl,NO_AUTO_ROW
RJET,2014,Q1,Operating Expenses,auto_xbrl,NO_AUTO_ROW
RJET,2014,Q2,Operating Expenses,auto_xbrl,NO_AUTO_ROW
RJET,2014,Q3,Operating Expenses,auto_xbrl,NO_AUTO_ROW
RJET,2014,Q4,Operating Expenses,auto_xbrl,NO_AUTO_ROW
RJET,2015,FY,Operating Expenses,auto_xbrl,NO_AUTO_VALUE
RJET,2015,Q1,Operating Expenses,auto_xbrl,NO_AUTO_ROW
RJET,2015,Q2,Operating Expenses,auto_xbrl,NO_AUTO_ROW
RJET,2015,Q3,Operating Expenses,auto_xbrl,NO_AUTO_VALUE
RJET,2015,Q4,Operating Expenses,auto_xbrl,NO_AUTO_VALUE
RJET,2016,Q1,Operating Expenses,auto_xbrl,NO_AUTO_ROW
RJET,2016,Q2,Operating Expenses,auto_xbrl,NO_AUTO_ROW
RJET,2016,Q3,Operating Expenses,auto_xbrl,NO_AUTO_VALUE
RJET,2016,Q4,Operating Expenses,auto_xbrl,NO_AUTO_VALUE
RJET,2014,FY,Operating Income,auto_xbrl,NO_AUTO_ROW
RJET,2014,Q1,Operating Income,auto_xbrl,NO_AUTO_ROW
RJET,2014,Q2,Operating Income,auto_xbrl,NO_AUTO_ROW
RJET,2014,Q3,Operating Income,auto_xbrl,NO_AUTO_ROW
RJET,2014,Q4,Operating Income,auto_xbrl,NO_AUTO_ROW
RJET,2015,FY,Operating Income,auto_xbrl,NO_AUTO_VALUE
RJET,2015,Q1,Operating Income,auto_xbrl,NO_AUTO_ROW
RJET,2015,Q2,Operating Income,auto_xbrl,NO_AUTO_ROW
RJET,2015,Q3,Operating Income,auto_xbrl,NO_AUTO_VALUE
RJET,2015,Q4,Operating Income,auto_xbrl,NO_AUTO_VALUE
RJET,2016,Q1,Operating Income,auto_xbrl,NO_AUTO_ROW
RJET,2016,Q2,Operating Income,auto_xbrl,NO_AUTO_ROW
RJET,2016,Q3,Operating Income,auto_xbrl,NO_AUTO_VALUE
RJET,2016,Q4,Operating Income,auto_xbrl,NO_AUTO_VALUE
RJET,2014,FY,Operating Revenue,auto_xbrl,NO_AUTO_ROW
RJET,2014,Q1,Operating Revenue,auto_xbrl,NO_AUTO_ROW
RJET,2014,Q2,Operating Revenue,auto_xbrl,NO_AUTO_ROW
RJET,2014,Q3,Operating Revenue,auto_xbrl,NO_AUTO_ROW
RJET,2014,Q4,Operating Revenue,auto_xbrl,NO_AUTO_ROW
RJET,2015,FY,Operating Revenue,auto_xbrl,NO_AUTO_VALUE
RJET,2015,Q1,Operating Revenue,auto_xbrl,NO_AUTO_ROW
RJET,2015,Q2,Operating Revenue,auto_xbrl,NO_AUTO_ROW
RJET,2015,Q3,Operating Revenue,auto_xbrl,NO_AUTO_VALUE
RJET,2015,Q4,Operating Revenue,auto_xbrl,NO_AUTO_VALUE
RJET,2016,Q1,Operating Revenue,auto_xbrl,NO_AUTO_ROW
RJET,2016,Q2,Operating Revenue,auto_xbrl,NO_AUTO_ROW
RJET,2016,Q3,Operating Revenue,auto_xbrl,NO_AUTO_VALUE
RJET,2016,Q4,Operating Revenue,auto_xbrl,NO_AUTO_VALUE
RJET,2014,FY,Passenger Revenue,manual_only,NO_MANUAL_ROW
RJET,2014,Q1,Passenger Revenue,manual_only,NO_MANUAL_ROW
RJET,2014,Q2,Passenger Revenue,manual_only,NO_MANUAL_ROW
RJET,2014,Q3,Passenger Revenue,manual_only,NO_MANUAL_ROW
RJET,2014,Q4,Passenger Revenue,manual_only,NO_MANUAL_ROW
RJET,2015,FY,Passenger Revenue,manual_only,NO_MANUAL_ROW
RJET,2015,Q1,Passenger Revenue,manual_only,NO_MANUAL_ROW
RJET,2015,Q2,Passenger Revenue,manual_only,NO_MANUAL_ROW
RJET,2015,Q3,Passenger Revenue,manual_only,NO_MANUAL_ROW
RJET,2015,Q4,Passenger Revenue,manual_only,NO_MANUAL_ROW
RJET,2016,FY,Passenger Revenue,manual_only,NO_MANUAL_ROW
RJET,2016,Q1,Passenger Revenue,manual_only,NO_MANUAL_ROW
RJET,2016,Q2,Passenger Revenue,manual_only,NO_MANUAL_ROW
RJET,2016,Q3,Passenger Revenue,manual_only,NO_MANUAL_ROW
RJET,2016,Q4,Passenger Revenue,manual_only,NO_MANUAL_ROW
RJET,2017,FY,Passenger Revenue,manual_only,NO_MANUAL_ROW
RJET,2017,Q1,Passenger Revenue,manual_only,NO_MANUAL_ROW
RJET,2017,Q2,Passenger Revenue,manual_only,NO_MANUAL_ROW
RJET,2017,Q3,Passenger Revenue,manual_only,NO_MANUAL_ROW
RJET,2017,Q4,Passenger Revenue,manual_only,NO_MANUAL_ROW
RJET,2018,FY,Passenger Revenue,manual_only,NO_MANUAL_ROW
RJET,2018,Q1,Passenger Revenue,manual_only,NO_MANUAL_ROW
RJET,2018,Q2,Passenger Revenue,manual_only,NO_MANUAL_ROW
RJET,2018,Q3,Passenger Revenue,manual_only,NO_MANUAL_ROW
RJET,2018,Q4,Passenger Revenue,manual_only,NO_MANUAL_ROW
RJET,2019,FY,Passenger Revenue,manual_only,NO_MANUAL_ROW
RJET,2019,Q1,Passenger Revenue,manual_only,NO_MANUAL_ROW
RJET,2019,Q2,Passenger Revenue,manual_only,NO_MANUAL_ROW
RJET,2019,Q3,Passenger Revenue,manual_only,NO_MANUAL_ROW
RJET,2019,Q4,Passenger Revenue,manual_only,NO_MANUAL_ROW
RJET,2020,FY,Passenger Revenue,manual_only,NO_MANUAL_ROW
RJET,2020,Q1,Passenger Revenue,manual_only,NO_MANUAL_ROW
RJET,2020,Q2,Passenger Revenue,manual_only,NO_MANUAL_ROW
RJET,2020,Q3,Passenger Revenue,manual_only,NO_MANUAL_ROW
RJET,2020,Q4,Passenger Revenue,manual_only,NO_MANUAL_ROW
RJET,2021,FY,Passenger Revenue,manual_only,NO_MANUAL_ROW
RJET,2021,Q1,Passenger Revenue,manual_only,NO_MANUAL_ROW
RJET,2021,Q2,Passenger Revenue,manual_only,NO_MANUAL_ROW
RJET,2021,Q3,Passenger Revenue,manual_only,NO_MANUAL_ROW
RJET,2021,Q4,Passenger Revenue,manual_only,NO_MANUAL_ROW
RJET,2022,FY,Passenger Revenue,manual_only,NO_MANUAL_ROW
RJET,2022,Q1,Passenger Revenue,manual_only,NO_MANUAL_ROW
RJET,2022,Q2,Passenger Revenue,manual_only,NO_MANUAL_ROW
RJET,2022,Q3,Passenger Revenue,manual_only,NO_MANUAL_ROW
RJET,2022,Q4,Passenger Revenue,manual_only,NO_MANUAL_ROW
RJET,2023,FY,Passenger Revenue,manual_only,NO_MANUAL_ROW
RJET,2023,Q1,Passenger Revenue,manual_only,NO_MANUAL_ROW
RJET,2023,Q2,Passenger Revenue,manual_only,NO_MANUAL_ROW
RJET,2023,Q3,Passenger Revenue,manual_only,NO_MANUAL_ROW
RJET,2023,Q4,Passenger Revenue,manual_only,NO_MANUAL_ROW
RJET,2024,FY,Passenger Revenue,manual_only,NO_MANUAL_ROW
RJET,2024,Q1,Passenger Revenue,manual_only,NO_MANUAL_ROW
RJET,2024,Q2,Passenger Revenue,manual_only,NO_MANUAL_ROW
RJET,2024,Q3,Passenger Revenue,manual_only,NO_MANUAL_ROW
RJET,2024,Q4,Passenger Revenue,manual_only,NO_MANUAL_ROW
RJET,2025,FY,Passenger Revenue,manual_only,NO_MANUAL_ROW
RJET,2025,Q1,Passenger Revenue,manual_only,NO_MANUAL_ROW
RJET,2025,Q2,Passenger Revenue,manual_only,NO_MANUAL_ROW
RJET,2025,Q3,Passenger Revenue,manual_only,NO_MANUAL_ROW
RJET,2025,Q4,Passenger Revenue,manual_only,NO_MANUAL_ROW
RJET,2026,Q1,Passenger Revenue,manual_only,NO_MANUAL_ROW
RJET,2014,FY,Profit Sharing,manual_only,NO_MANUAL_ROW
RJET,2014,Q1,Profit Sharing,manual_only,NO_MANUAL_ROW
RJET,2014,Q2,Profit Sharing,manual_only,NO_MANUAL_ROW
RJET,2014,Q3,Profit Sharing,manual_only,NO_MANUAL_ROW
RJET,2014,Q4,Profit Sharing,manual_only,NO_MANUAL_ROW
RJET,2015,FY,Profit Sharing,manual_only,NO_MANUAL_ROW
RJET,2015,Q1,Profit Sharing,manual_only,NO_MANUAL_ROW
RJET,2015,Q2,Profit Sharing,manual_only,NO_MANUAL_ROW
RJET,2015,Q3,Profit Sharing,manual_only,NO_MANUAL_ROW
RJET,2015,Q4,Profit Sharing,manual_only,NO_MANUAL_ROW
RJET,2016,FY,Profit Sharing,manual_only,NO_MANUAL_ROW
RJET,2016,Q1,Profit Sharing,manual_only,NO_MANUAL_ROW
RJET,2016,Q2,Profit Sharing,manual_only,NO_MANUAL_ROW
RJET,2016,Q3,Profit Sharing,manual_only,NO_MANUAL_ROW
RJET,2016,Q4,Profit Sharing,manual_only,NO_MANUAL_ROW
RJET,2017,FY,Profit Sharing,manual_only,NO_MANUAL_ROW
RJET,2017,Q1,Profit Sharing,manual_only,NO_MANUAL_ROW
RJET,2017,Q2,Profit Sharing,manual_only,NO_MANUAL_ROW
RJET,2017,Q3,Profit Sharing,manual_only,NO_MANUAL_ROW
RJET,2017,Q4,Profit Sharing,manual_only,NO_MANUAL_ROW
RJET,2018,FY,Profit Sharing,manual_only,NO_MANUAL_ROW
RJET,2018,Q1,Profit Sharing,manual_only,NO_MANUAL_ROW
RJET,2018,Q2,Profit Sharing,manual_only,NO_MANUAL_ROW
RJET,2018,Q3,Profit Sharing,manual_only,NO_MANUAL_ROW
RJET,2018,Q4,Profit Sharing,manual_only,NO_MANUAL_ROW
RJET,2019,FY,Profit Sharing,manual_only,NO_MANUAL_ROW
RJET,2019,Q1,Profit Sharing,manual_only,NO_MANUAL_ROW
RJET,2019,Q2,Profit Sharing,manual_only,NO_MANUAL_ROW
RJET,2019,Q3,Profit Sharing,manual_only,NO_MANUAL_ROW
RJET,2019,Q4,Profit Sharing,manual_only,NO_MANUAL_ROW
RJET,2020,FY,Profit Sharing,manual_only,NO_MANUAL_ROW
RJET,2020,Q1,Profit Sharing,manual_only,NO_MANUAL_ROW
RJET,2020,Q2,Profit Sharing,manual_only,NO_MANUAL_ROW
RJET,2020,Q3,Profit Sharing,manual_only,NO_MANUAL_ROW
RJET,2020,Q4,Profit Sharing,manual_only,NO_MANUAL_ROW
RJET,2021,FY,Profit Sharing,manual_only,NO_MANUAL_ROW
RJET,2021,Q1,Profit Sharing,manual_only,NO_MANUAL_ROW
RJET,2021,Q2,Profit Sharing,manual_only,NO_MANUAL_ROW
RJET,2021,Q3,Profit Sharing,manual_only,NO_MANUAL_ROW
RJET,2021,Q4,Profit Sharing,manual_only,NO_MANUAL_ROW
RJET,2022,FY,Profit Sharing,manual_only,NO_MANUAL_ROW
RJET,2022,Q1,Profit Sharing,manual_only,NO_MANUAL_ROW
RJET,2022,Q2,Profit Sharing,manual_only,NO_MANUAL_ROW
RJET,2022,Q3,Profit Sharing,manual_only,NO_MANUAL_ROW
RJET,2022,Q4,Profit Sharing,manual_only,NO_MANUAL_ROW
RJET,2023,FY,Profit Sharing,manual_only,NO_MANUAL_ROW
RJET,2023,Q1,Profit Sharing,manual_only,NO_MANUAL_ROW
RJET,2023,Q2,Profit Sharing,manual_only,NO_MANUAL_ROW
RJET,2023,Q3,Profit Sharing,manual_only,NO_MANUAL_ROW
RJET,2023,Q4,Profit Sharing,manual_only,NO_MANUAL_ROW
RJET,2024,FY,Profit Sharing,manual_only,NO_MANUAL_ROW
RJET,2024,Q1,Profit Sharing,manual_only,NO_MANUAL_ROW
RJET,2024,Q2,Profit Sharing,manual_only,NO_MANUAL_ROW
RJET,2024,Q3,Profit Sharing,manual_only,NO_MANUAL_ROW
RJET,2024,Q4,Profit Sharing,manual_only,NO_MANUAL_ROW
RJET,2025,FY,Profit Sharing,manual_only,NO_MANUAL_ROW
RJET,2025,Q1,Profit Sharing,manual_only,NO_MANUAL_ROW
RJET,2025,Q2,Profit Sharing,manual_only,NO_MANUAL_ROW
RJET,2025,Q3,Profit Sharing,manual_only,NO_MANUAL_ROW
RJET,2025,Q4,Profit Sharing,manual_only,NO_MANUAL_ROW
RJET,2026,Q1,Profit Sharing,manual_only,NO_MANUAL_ROW
RJET,2014,FY,RPM,manual_only,NO_MANUAL_ROW
RJET,2014,Q1,RPM,manual_only,NO_MANUAL_ROW
RJET,2014,Q2,RPM,manual_only,NO_MANUAL_ROW
RJET,2014,Q3,RPM,manual_only,NO_MANUAL_ROW
RJET,2014,Q4,RPM,manual_only,NO_MANUAL_ROW
RJET,2015,FY,RPM,manual_only,NO_MANUAL_ROW
RJET,2015,Q1,RPM,manual_only,NO_MANUAL_ROW
RJET,2015,Q2,RPM,manual_only,NO_MANUAL_ROW
RJET,2015,Q3,RPM,manual_only,NO_MANUAL_ROW
RJET,2015,Q4,RPM,manual_only,NO_MANUAL_ROW
RJET,2016,FY,RPM,manual_only,NO_MANUAL_ROW
RJET,2016,Q1,RPM,manual_only,NO_MANUAL_ROW
RJET,2016,Q2,RPM,manual_only,NO_MANUAL_ROW
RJET,2016,Q3,RPM,manual_only,NO_MANUAL_ROW
RJET,2016,Q4,RPM,manual_only,NO_MANUAL_ROW
RJET,2017,FY,RPM,manual_only,NO_MANUAL_ROW
RJET,2017,Q1,RPM,manual_only,NO_MANUAL_ROW
RJET,2017,Q2,RPM,manual_only,NO_MANUAL_ROW
RJET,2017,Q3,RPM,manual_only,NO_MANUAL_ROW
RJET,2017,Q4,RPM,manual_only,NO_MANUAL_ROW
RJET,2018,FY,RPM,manual_only,NO_MANUAL_ROW
RJET,2018,Q1,RPM,manual_only,NO_MANUAL_ROW
RJET,2018,Q2,RPM,manual_only,NO_MANUAL_ROW
RJET,2018,Q3,RPM,manual_only,NO_MANUAL_ROW
RJET,2018,Q4,RPM,manual_only,NO_MANUAL_ROW
RJET,2019,FY,RPM,manual_only,NO_MANUAL_ROW
RJET,2019,Q1,RPM,manual_only,NO_MANUAL_ROW
RJET,2019,Q2,RPM,manual_only,NO_MANUAL_ROW
RJET,2019,Q3,RPM,manual_only,NO_MANUAL_ROW
RJET,2019,Q4,RPM,manual_only,NO_MANUAL_ROW
RJET,2020,FY,RPM,manual_only,NO_MANUAL_ROW
RJET,2020,Q1,RPM,manual_only,NO_MANUAL_ROW
RJET,2020,Q2,RPM,manual_only,NO_MANUAL_ROW
RJET,2020,Q3,RPM,manual_only,NO_MANUAL_ROW
RJET,2020,Q4,RPM,manual_only,NO_MANUAL_ROW
RJET,2021,FY,RPM,manual_only,NO_MANUAL_ROW
RJET,2021,Q1,RPM,manual_only,NO_MANUAL_ROW
RJET,2021,Q2,RPM,manual_only,NO_MANUAL_ROW
RJET,2021,Q3,RPM,manual_only,NO_MANUAL_ROW
RJET,2021,Q4,RPM,manual_only,NO_MANUAL_ROW
RJET,2022,FY,RPM,manual_only,NO_MANUAL_ROW
RJET,2022,Q1,RPM,manual_only,NO_MANUAL_ROW
RJET,2022,Q2,RPM,manual_only,NO_MANUAL_ROW
RJET,2022,Q3,RPM,manual_only,NO_MANUAL_ROW
RJET,2022,Q4,RPM,manual_only,NO_MANUAL_ROW
RJET,2023,FY,RPM,manual_only,NO_MANUAL_ROW
RJET,2023,Q1,RPM,manual_only,NO_MANUAL_ROW
RJET,2023,Q2,RPM,manual_only,NO_MANUAL_ROW
RJET,2023,Q3,RPM,manual_only,NO_MANUAL_ROW
RJET,2023,Q4,RPM,manual_only,NO_MANUAL_ROW
RJET,2024,FY,RPM,manual_only,NO_MANUAL_ROW
RJET,2024,Q1,RPM,manual_only,NO_MANUAL_ROW
RJET,2024,Q2,RPM,manual_only,NO_MANUAL_ROW
RJET,2024,Q3,RPM,manual_only,NO_MANUAL_ROW
RJET,2024,Q4,RPM,manual_only,NO_MANUAL_ROW
RJET,2025,FY,RPM,manual_only,NO_MANUAL_ROW
RJET,2025,Q1,RPM,manual_only,NO_MANUAL_ROW
RJET,2025,Q2,RPM,manual_only,NO_MANUAL_ROW
RJET,2025,Q3,RPM,manual_only,NO_MANUAL_ROW
RJET,2025,Q4,RPM,manual_only,NO_MANUAL_ROW
RJET,2026,Q1,RPM,manual_only,NO_MANUAL_ROW
RJET,2014,FY,Short-Term Investments,auto_xbrl,NO_AUTO_ROW
RJET,2014,Q1,Short-Term Investments,auto_xbrl,NO_AUTO_ROW
RJET,2014,Q2,Short-Term Investments,auto_xbrl,NO_AUTO_ROW
RJET,2014,Q3,Short-Term Investments,auto_xbrl,NO_AUTO_ROW
RJET,2014,Q4,Short-Term Investments,auto_xbrl,NO_AUTO_ROW
RJET,2015,FY,Short-Term Investments,auto_xbrl,NO_AUTO_VALUE
RJET,2015,Q1,Short-Term Investments,auto_xbrl,NO_AUTO_ROW
RJET,2015,Q2,Short-Term Investments,auto_xbrl,NO_AUTO_ROW
RJET,2015,Q3,Short-Term Investments,auto_xbrl,NO_AUTO_VALUE
RJET,2015,Q4,Short-Term Investments,auto_xbrl,NO_AUTO_VALUE
RJET,2016,FY,Short-Term Investments,auto_xbrl,NO_AUTO_VALUE
RJET,2016,Q1,Short-Term Investments,auto_xbrl,NO_AUTO_ROW
RJET,2016,Q2,Short-Term Investments,auto_xbrl,NO_AUTO_ROW
RJET,2016,Q3,Short-Term Investments,auto_xbrl,NO_AUTO_VALUE
RJET,2016,Q4,Short-Term Investments,auto_xbrl,NO_AUTO_VALUE
RJET,2017,Q1,Short-Term Investments,auto_xbrl,NO_AUTO_VALUE
RJET,2017,Q2,Short-Term Investments,auto_xbrl,NO_AUTO_VALUE
RJET,2019,Q1,Short-Term Investments,auto_xbrl,NO_AUTO_VALUE
RJET,2019,Q2,Short-Term Investments,auto_xbrl,NO_AUTO_VALUE
RJET,2020,FY,Short-Term Investments,auto_xbrl,NO_AUTO_VALUE
RJET,2020,Q1,Short-Term Investments,auto_xbrl,NO_AUTO_VALUE
RJET,2020,Q2,Short-Term Investments,auto_xbrl,NO_AUTO_VALUE
RJET,2020,Q3,Short-Term Investments,auto_xbrl,NO_AUTO_VALUE
RJET,2020,Q4,Short-Term Investments,auto_xbrl,NO_AUTO_VALUE
RJET,2021,FY,Short-Term Investments,auto_xbrl,NO_AUTO_VALUE
RJET,2021,Q1,Short-Term Investments,auto_xbrl,NO_AUTO_VALUE
RJET,2021,Q2,Short-Term Investments,auto_xbrl,NO_AUTO_VALUE
RJET,2021,Q3,Short-Term Investments,auto_xbrl,NO_AUTO_VALUE
RJET,2021,Q4,Short-Term Investments,auto_xbrl,NO_AUTO_VALUE
RJET,2022,FY,Short-Term Investments,auto_xbrl,NO_AUTO_VALUE
RJET,2022,Q1,Short-Term Investments,auto_xbrl,NO_AUTO_VALUE
RJET,2022,Q2,Short-Term Investments,auto_xbrl,NO_AUTO_VALUE
RJET,2022,Q3,Short-Term Investments,auto_xbrl,NO_AUTO_VALUE
RJET,2022,Q4,Short-Term Investments,auto_xbrl,NO_AUTO_VALUE
RJET,2023,FY,Short-Term Investments,auto_xbrl,NO_AUTO_VALUE
RJET,2023,Q1,Short-Term Investments,auto_xbrl,NO_AUTO_VALUE
RJET,2023,Q2,Short-Term Investments,auto_xbrl,NO_AUTO_VALUE
RJET,2023,Q3,Short-Term Investments,auto_xbrl,NO_AUTO_VALUE
RJET,2023,Q4,Short-Term Investments,auto_xbrl,NO_AUTO_VALUE
RJET,2024,Q1,Short-Term Investments,auto_xbrl,NO_AUTO_VALUE
RJET,2024,Q2,Short-Term Investments,auto_xbrl,NO_AUTO_VALUE
RJET,2024,Q3,Short-Term Investments,auto_xbrl,NO_AUTO_VALUE
RJET,2025,Q2,Short-Term Investments,auto_xbrl,NO_AUTO_VALUE
RJET,2025,Q3,Short-Term Investments,auto_xbrl,NO_AUTO_VALUE
SAVE,2014,FY,ASM,manual_only,NO_MANUAL_ROW
SAVE,2014,Q1,ASM,manual_only,NO_MANUAL_ROW
SAVE,2014,Q2,ASM,manual_only,NO_MANUAL_ROW
SAVE,2014,Q3,ASM,manual_only,NO_MANUAL_ROW
SAVE,2014,Q4,ASM,manual_only,NO_MANUAL_ROW
SAVE,2015,FY,ASM,manual_only,NO_MANUAL_ROW
SAVE,2015,Q1,ASM,manual_only,NO_MANUAL_ROW
SAVE,2015,Q2,ASM,manual_only,NO_MANUAL_ROW
SAVE,2015,Q3,ASM,manual_only,NO_MANUAL_ROW
SAVE,2015,Q4,ASM,manual_only,NO_MANUAL_ROW
SAVE,2016,FY,ASM,manual_only,NO_MANUAL_ROW
SAVE,2016,Q1,ASM,manual_only,NO_MANUAL_ROW
SAVE,2016,Q2,ASM,manual_only,NO_MANUAL_ROW
SAVE,2016,Q3,ASM,manual_only,NO_MANUAL_ROW
SAVE,2016,Q4,ASM,manual_only,NO_MANUAL_ROW
SAVE,2017,FY,ASM,manual_only,NO_MANUAL_ROW
SAVE,2017,Q1,ASM,manual_only,NO_MANUAL_ROW
SAVE,2017,Q2,ASM,manual_only,NO_MANUAL_ROW
SAVE,2017,Q3,ASM,manual_only,NO_MANUAL_ROW
SAVE,2017,Q4,ASM,manual_only,NO_MANUAL_ROW
SAVE,2018,FY,ASM,manual_only,NO_MANUAL_ROW
SAVE,2018,Q1,ASM,manual_only,NO_MANUAL_ROW
SAVE,2018,Q2,ASM,manual_only,NO_MANUAL_ROW
SAVE,2018,Q3,ASM,manual_only,NO_MANUAL_ROW
SAVE,2018,Q4,ASM,manual_only,NO_MANUAL_ROW
SAVE,2019,FY,ASM,manual_only,NO_MANUAL_ROW
SAVE,2019,Q1,ASM,manual_only,NO_MANUAL_ROW
SAVE,2019,Q2,ASM,manual_only,NO_MANUAL_ROW
SAVE,2019,Q3,ASM,manual_only,NO_MANUAL_ROW
SAVE,2019,Q4,ASM,manual_only,NO_MANUAL_ROW
SAVE,2020,FY,ASM,manual_only,NO_MANUAL_ROW
SAVE,2020,Q1,ASM,manual_only,NO_MANUAL_ROW
SAVE,2020,Q2,ASM,manual_only,NO_MANUAL_ROW
SAVE,2020,Q3,ASM,manual_only,NO_MANUAL_ROW
SAVE,2020,Q4,ASM,manual_only,NO_MANUAL_ROW
SAVE,2021,FY,ASM,manual_only,NO_MANUAL_ROW
SAVE,2021,Q1,ASM,manual_only,NO_MANUAL_ROW
SAVE,2021,Q2,ASM,manual_only,NO_MANUAL_ROW
SAVE,2021,Q3,ASM,manual_only,NO_MANUAL_ROW
SAVE,2021,Q4,ASM,manual_only,NO_MANUAL_ROW
SAVE,2022,FY,ASM,manual_only,NO_MANUAL_ROW
SAVE,2022,Q1,ASM,manual_only,NO_MANUAL_ROW
SAVE,2022,Q2,ASM,manual_only,NO_MANUAL_ROW
SAVE,2022,Q3,ASM,manual_only,NO_MANUAL_ROW
SAVE,2022,Q4,ASM,manual_only,NO_MANUAL_ROW
SAVE,2023,FY,ASM,manual_only,NO_MANUAL_ROW
SAVE,2023,Q1,ASM,manual_only,NO_MANUAL_ROW
SAVE,2023,Q2,ASM,manual_only,NO_MANUAL_ROW
SAVE,2023,Q3,ASM,manual_only,NO_MANUAL_ROW
SAVE,2023,Q4,ASM,manual_only,NO_MANUAL_ROW
SAVE,2024,FY,ASM,manual_only,NO_MANUAL_ROW
SAVE,2024,Q1,ASM,manual_only,NO_MANUAL_ROW
SAVE,2024,Q2,ASM,manual_only,NO_MANUAL_ROW
SAVE,2024,Q3,ASM,manual_only,NO_MANUAL_ROW
SAVE,2024,Q4,ASM,manual_only,NO_MANUAL_ROW
SAVE,2025,FY,ASM,manual_only,NO_MANUAL_ROW
SAVE,2025,Q1,ASM,manual_only,NO_MANUAL_ROW
SAVE,2025,Q2,ASM,manual_only,NO_MANUAL_ROW
SAVE,2025,Q3,ASM,manual_only,NO_MANUAL_ROW
SAVE,2025,Q4,ASM,manual_only,NO_MANUAL_ROW
SAVE,2020,FY,Capital Expenditures,auto_xbrl,NO_AUTO_VALUE
SAVE,2020,Q1,Capital Expenditures,auto_xbrl,NO_AUTO_VALUE
SAVE,2020,Q2,Capital Expenditures,auto_xbrl,NO_AUTO_VALUE
SAVE,2020,Q3,Capital Expenditures,auto_xbrl,NO_AUTO_VALUE
SAVE,2020,Q4,Capital Expenditures,auto_xbrl,NO_AUTO_VALUE
SAVE,2021,FY,Capital Expenditures,auto_xbrl,NO_AUTO_VALUE
SAVE,2021,Q1,Capital Expenditures,auto_xbrl,NO_AUTO_VALUE
SAVE,2021,Q2,Capital Expenditures,auto_xbrl,NO_AUTO_VALUE
SAVE,2021,Q3,Capital Expenditures,auto_xbrl,NO_AUTO_VALUE
SAVE,2021,Q4,Capital Expenditures,auto_xbrl,NO_AUTO_VALUE
SAVE,2022,FY,Capital Expenditures,auto_xbrl,NO_AUTO_VALUE
SAVE,2022,Q1,Capital Expenditures,auto_xbrl,NO_AUTO_VALUE
SAVE,2022,Q2,Capital Expenditures,auto_xbrl,NO_AUTO_VALUE
SAVE,2022,Q3,Capital Expenditures,auto_xbrl,NO_AUTO_VALUE
SAVE,2022,Q4,Capital Expenditures,auto_xbrl,NO_AUTO_VALUE
SAVE,2023,FY,Capital Expenditures,auto_xbrl,NO_AUTO_VALUE
SAVE,2023,Q1,Capital Expenditures,auto_xbrl,NO_AUTO_VALUE
SAVE,2023,Q2,Capital Expenditures,auto_xbrl,NO_AUTO_VALUE
SAVE,2023,Q3,Capital Expenditures,auto_xbrl,NO_AUTO_VALUE
SAVE,2023,Q4,Capital Expenditures,auto_xbrl,NO_AUTO_VALUE
SAVE,2024,FY,Capital Expenditures,auto_xbrl,NO_AUTO_VALUE
SAVE,2024,Q1,Capital Expenditures,auto_xbrl,NO_AUTO_VALUE
SAVE,2024,Q2,Capital Expenditures,auto_xbrl,NO_AUTO_VALUE
SAVE,2024,Q3,Capital Expenditures,auto_xbrl,NO_AUTO_VALUE
SAVE,2024,Q4,Capital Expenditures,auto_xbrl,NO_AUTO_VALUE
SAVE,2025,FY,Capital Expenditures,auto_xbrl,NO_AUTO_VALUE
SAVE,2025,Q1,Capital Expenditures,auto_xbrl,NO_AUTO_VALUE
SAVE,2025,Q2,Capital Expenditures,auto_xbrl,NO_AUTO_VALUE
SAVE,2025,Q3,Capital Expenditures,auto_xbrl,NO_AUTO_VALUE
SAVE,2025,Q4,Capital Expenditures,auto_xbrl,NO_AUTO_VALUE
SAVE,2025,FY,Earnings Per Share,auto_xbrl,NO_AUTO_VALUE
SAVE,2025,Q1,Earnings Per Share,auto_xbrl,NO_AUTO_VALUE
SAVE,2025,Q4,Earnings Per Share,auto_xbrl,NO_AUTO_VALUE
SAVE,2025,Q1,Net Income,auto_xbrl,NO_AUTO_VALUE
SAVE,2025,Q4,Net Income,auto_xbrl,NO_AUTO_VALUE
SAVE,2025,FY,Operating Cash Flow,auto_xbrl,NO_AUTO_VALUE
SAVE,2025,Q1,Operating Cash Flow,auto_xbrl,NO_AUTO_VALUE
SAVE,2025,Q2,Operating Cash Flow,auto_xbrl,NO_AUTO_VALUE
SAVE,2025,Q3,Operating Cash Flow,auto_xbrl,NO_AUTO_VALUE
SAVE,2025,Q4,Operating Cash Flow,auto_xbrl,NO_AUTO_VALUE
SAVE,2025,FY,Operating Expenses,auto_xbrl,NO_AUTO_VALUE
SAVE,2025,Q1,Operating Expenses,auto_xbrl,NO_AUTO_VALUE
SAVE,2025,Q4,Operating Expenses,auto_xbrl,NO_AUTO_VALUE
SAVE,2025,FY,Operating Income,auto_xbrl,NO_AUTO_VALUE
SAVE,2025,Q1,Operating Income,auto_xbrl,NO_AUTO_VALUE
SAVE,2025,Q4,Operating Income,auto_xbrl,NO_AUTO_VALUE
SAVE,2025,FY,Operating Revenue,auto_xbrl,NO_AUTO_VALUE
SAVE,2025,Q1,Operating Revenue,auto_xbrl,NO_AUTO_VALUE
SAVE,2025,Q4,Operating Revenue,auto_xbrl,NO_AUTO_VALUE
SAVE,2014,FY,Passenger Revenue,manual_only,NO_MANUAL_ROW
SAVE,2014,Q1,Passenger Revenue,manual_only,NO_MANUAL_ROW
SAVE,2014,Q2,Passenger Revenue,manual_only,NO_MANUAL_ROW
SAVE,2014,Q3,Passenger Revenue,manual_only,NO_MANUAL_ROW
SAVE,2014,Q4,Passenger Revenue,manual_only,NO_MANUAL_ROW
SAVE,2015,FY,Passenger Revenue,manual_only,NO_MANUAL_ROW
SAVE,2015,Q1,Passenger Revenue,manual_only,NO_MANUAL_ROW
SAVE,2015,Q2,Passenger Revenue,manual_only,NO_MANUAL_ROW
SAVE,2015,Q3,Passenger Revenue,manual_only,NO_MANUAL_ROW
SAVE,2015,Q4,Passenger Revenue,manual_only,NO_MANUAL_ROW
SAVE,2016,FY,Passenger Revenue,manual_only,NO_MANUAL_ROW
SAVE,2016,Q1,Passenger Revenue,manual_only,NO_MANUAL_ROW
SAVE,2016,Q2,Passenger Revenue,manual_only,NO_MANUAL_ROW
SAVE,2016,Q3,Passenger Revenue,manual_only,NO_MANUAL_ROW
SAVE,2016,Q4,Passenger Revenue,manual_only,NO_MANUAL_ROW
SAVE,2017,FY,Passenger Revenue,manual_only,NO_MANUAL_ROW
SAVE,2017,Q1,Passenger Revenue,manual_only,NO_MANUAL_ROW
SAVE,2017,Q2,Passenger Revenue,manual_only,NO_MANUAL_ROW
SAVE,2017,Q3,Passenger Revenue,manual_only,NO_MANUAL_ROW
SAVE,2017,Q4,Passenger Revenue,manual_only,NO_MANUAL_ROW
SAVE,2018,FY,Passenger Revenue,manual_only,NO_MANUAL_ROW
SAVE,2018,Q1,Passenger Revenue,manual_only,NO_MANUAL_ROW
SAVE,2018,Q2,Passenger Revenue,manual_only,NO_MANUAL_ROW
SAVE,2018,Q3,Passenger Revenue,manual_only,NO_MANUAL_ROW
SAVE,2018,Q4,Passenger Revenue,manual_only,NO_MANUAL_ROW
SAVE,2019,FY,Passenger Revenue,manual_only,NO_MANUAL_ROW
SAVE,2019,Q1,Passenger Revenue,manual_only,NO_MANUAL_ROW
SAVE,2019,Q2,Passenger Revenue,manual_only,NO_MANUAL_ROW
SAVE,2019,Q3,Passenger Revenue,manual_only,NO_MANUAL_ROW
SAVE,2019,Q4,Passenger Revenue,manual_only,NO_MANUAL_ROW
SAVE,2020,FY,Passenger Revenue,manual_only,NO_MANUAL_ROW
SAVE,2020,Q1,Passenger Revenue,manual_only,NO_MANUAL_ROW
SAVE,2020,Q2,Passenger Revenue,manual_only,NO_MANUAL_ROW
SAVE,2020,Q3,Passenger Revenue,manual_only,NO_MANUAL_ROW
SAVE,2020,Q4,Passenger Revenue,manual_only,NO_MANUAL_ROW
SAVE,2021,FY,Passenger Revenue,manual_only,NO_MANUAL_ROW
SAVE,2021,Q1,Passenger Revenue,manual_only,NO_MANUAL_ROW
SAVE,2021,Q2,Passenger Revenue,manual_only,NO_MANUAL_ROW
SAVE,2021,Q3,Passenger Revenue,manual_only,NO_MANUAL_ROW
SAVE,2021,Q4,Passenger Revenue,manual_only,NO_MANUAL_ROW
SAVE,2022,FY,Passenger Revenue,manual_only,NO_MANUAL_ROW
SAVE,2022,Q1,Passenger Revenue,manual_only,NO_MANUAL_ROW
SAVE,2022,Q2,Passenger Revenue,manual_only,NO_MANUAL_ROW
SAVE,2022,Q3,Passenger Revenue,manual_only,NO_MANUAL_ROW
SAVE,2022,Q4,Passenger Revenue,manual_only,NO_MANUAL_ROW
SAVE,2023,FY,Passenger Revenue,manual_only,NO_MANUAL_ROW
SAVE,2023,Q1,Passenger Revenue,manual_only,NO_MANUAL_ROW
SAVE,2023,Q2,Passenger Revenue,manual_only,NO_MANUAL_ROW
SAVE,2023,Q3,Passenger Revenue,manual_only,NO_MANUAL_ROW
SAVE,2023,Q4,Passenger Revenue,manual_only,NO_MANUAL_ROW
SAVE,2024,FY,Passenger Revenue,manual_only,NO_MANUAL_ROW
SAVE,2024,Q1,Passenger Revenue,manual_only,NO_MANUAL_ROW
SAVE,2024,Q2,Passenger Revenue,manual_only,NO_MANUAL_ROW
SAVE,2024,Q3,Passenger Revenue,manual_only,NO_MANUAL_ROW
SAVE,2024,Q4,Passenger Revenue,manual_only,NO_MANUAL_ROW
SAVE,2025,FY,Passenger Revenue,manual_only,NO_MANUAL_ROW
SAVE,2025,Q1,Passenger Revenue,manual_only,NO_MANUAL_ROW
SAVE,2025,Q2,Passenger Revenue,manual_only,NO_MANUAL_ROW
SAVE,2025,Q3,Passenger Revenue,manual_only,NO_MANUAL_ROW
SAVE,2025,Q4,Passenger Revenue,manual_only,NO_MANUAL_ROW
SAVE,2014,FY,Profit Sharing,manual_only,NO_MANUAL_ROW
SAVE,2014,Q1,Profit Sharing,manual_only,NO_MANUAL_ROW
SAVE,2014,Q2,Profit Sharing,manual_only,NO_MANUAL_ROW
SAVE,2014,Q3,Profit Sharing,manual_only,NO_MANUAL_ROW
SAVE,2014,Q4,Profit Sharing,manual_only,NO_MANUAL_ROW
SAVE,2015,FY,Profit Sharing,manual_only,NO_MANUAL_ROW
SAVE,2015,Q1,Profit Sharing,manual_only,NO_MANUAL_ROW
SAVE,2015,Q2,Profit Sharing,manual_only,NO_MANUAL_ROW
SAVE,2015,Q3,Profit Sharing,manual_only,NO_MANUAL_ROW
SAVE,2015,Q4,Profit Sharing,manual_only,NO_MANUAL_ROW
SAVE,2016,FY,Profit Sharing,manual_only,NO_MANUAL_ROW
SAVE,2016,Q1,Profit Sharing,manual_only,NO_MANUAL_ROW
SAVE,2016,Q2,Profit Sharing,manual_only,NO_MANUAL_ROW
SAVE,2016,Q3,Profit Sharing,manual_only,NO_MANUAL_ROW
SAVE,2016,Q4,Profit Sharing,manual_only,NO_MANUAL_ROW
SAVE,2017,FY,Profit Sharing,manual_only,NO_MANUAL_ROW
SAVE,2017,Q1,Profit Sharing,manual_only,NO_MANUAL_ROW
SAVE,2017,Q2,Profit Sharing,manual_only,NO_MANUAL_ROW
SAVE,2017,Q3,Profit Sharing,manual_only,NO_MANUAL_ROW
SAVE,2017,Q4,Profit Sharing,manual_only,NO_MANUAL_ROW
SAVE,2018,FY,Profit Sharing,manual_only,NO_MANUAL_ROW
SAVE,2018,Q1,Profit Sharing,manual_only,NO_MANUAL_ROW
SAVE,2018,Q2,Profit Sharing,manual_only,NO_MANUAL_ROW
SAVE,2018,Q3,Profit Sharing,manual_only,NO_MANUAL_ROW
SAVE,2018,Q4,Profit Sharing,manual_only,NO_MANUAL_ROW
SAVE,2019,FY,Profit Sharing,manual_only,NO_MANUAL_ROW
SAVE,2019,Q1,Profit Sharing,manual_only,NO_MANUAL_ROW
SAVE,2019,Q2,Profit Sharing,manual_only,NO_MANUAL_ROW
SAVE,2019,Q3,Profit Sharing,manual_only,NO_MANUAL_ROW
SAVE,2019,Q4,Profit Sharing,manual_only,NO_MANUAL_ROW
SAVE,2020,FY,Profit Sharing,manual_only,NO_MANUAL_ROW
SAVE,2020,Q1,Profit Sharing,manual_only,NO_MANUAL_ROW
SAVE,2020,Q2,Profit Sharing,manual_only,NO_MANUAL_ROW
SAVE,2020,Q3,Profit Sharing,manual_only,NO_MANUAL_ROW
SAVE,2020,Q4,Profit Sharing,manual_only,NO_MANUAL_ROW
SAVE,2021,FY,Profit Sharing,manual_only,NO_MANUAL_ROW
SAVE,2021,Q1,Profit Sharing,manual_only,NO_MANUAL_ROW
SAVE,2021,Q2,Profit Sharing,manual_only,NO_MANUAL_ROW
SAVE,2021,Q3,Profit Sharing,manual_only,NO_MANUAL_ROW
SAVE,2021,Q4,Profit Sharing,manual_only,NO_MANUAL_ROW
SAVE,2022,FY,Profit Sharing,manual_only,NO_MANUAL_ROW
SAVE,2022,Q1,Profit Sharing,manual_only,NO_MANUAL_ROW
SAVE,2022,Q2,Profit Sharing,manual_only,NO_MANUAL_ROW
SAVE,2022,Q3,Profit Sharing,manual_only,NO_MANUAL_ROW
SAVE,2022,Q4,Profit Sharing,manual_only,NO_MANUAL_ROW
SAVE,2023,FY,Profit Sharing,manual_only,NO_MANUAL_ROW
SAVE,2023,Q1,Profit Sharing,manual_only,NO_MANUAL_ROW
SAVE,2023,Q2,Profit Sharing,manual_only,NO_MANUAL_ROW
SAVE,2023,Q3,Profit Sharing,manual_only,NO_MANUAL_ROW
SAVE,2023,Q4,Profit Sharing,manual_only,NO_MANUAL_ROW
SAVE,2024,FY,Profit Sharing,manual_only,NO_MANUAL_ROW
SAVE,2024,Q1,Profit Sharing,manual_only,NO_MANUAL_ROW
SAVE,2024,Q2,Profit Sharing,manual_only,NO_MANUAL_ROW
SAVE,2024,Q3,Profit Sharing,manual_only,NO_MANUAL_ROW
SAVE,2024,Q4,Profit Sharing,manual_only,NO_MANUAL_ROW
SAVE,2025,FY,Profit Sharing,manual_only,NO_MANUAL_ROW
SAVE,2025,Q1,Profit Sharing,manual_only,NO_MANUAL_ROW
SAVE,2025,Q2,Profit Sharing,manual_only,NO_MANUAL_ROW
SAVE,2025,Q3,Profit Sharing,manual_only,NO_MANUAL_ROW
SAVE,2025,Q4,Profit Sharing,manual_only,NO_MANUAL_ROW
SAVE,2014,FY,RPM,manual_only,NO_MANUAL_ROW
SAVE,2014,Q1,RPM,manual_only,NO_MANUAL_ROW
SAVE,2014,Q2,RPM,manual_only,NO_MANUAL_ROW
SAVE,2014,Q3,RPM,manual_only,NO_MANUAL_ROW
SAVE,2014,Q4,RPM,manual_only,NO_MANUAL_ROW
SAVE,2015,FY,RPM,manual_only,NO_MANUAL_ROW
SAVE,2015,Q1,RPM,manual_only,NO_MANUAL_ROW
SAVE,2015,Q2,RPM,manual_only,NO_MANUAL_ROW
SAVE,2015,Q3,RPM,manual_only,NO_MANUAL_ROW
SAVE,2015,Q4,RPM,manual_only,NO_MANUAL_ROW
SAVE,2016,FY,RPM,manual_only,NO_MANUAL_ROW
SAVE,2016,Q1,RPM,manual_only,NO_MANUAL_ROW
SAVE,2016,Q2,RPM,manual_only,NO_MANUAL_ROW
SAVE,2016,Q3,RPM,manual_only,NO_MANUAL_ROW
SAVE,2016,Q4,RPM,manual_only,NO_MANUAL_ROW
SAVE,2017,FY,RPM,manual_only,NO_MANUAL_ROW
SAVE,2017,Q1,RPM,manual_only,NO_MANUAL_ROW
SAVE,2017,Q2,RPM,manual_only,NO_MANUAL_ROW
SAVE,2017,Q3,RPM,manual_only,NO_MANUAL_ROW
SAVE,2017,Q4,RPM,manual_only,NO_MANUAL_ROW
SAVE,2018,FY,RPM,manual_only,NO_MANUAL_ROW
SAVE,2018,Q1,RPM,manual_only,NO_MANUAL_ROW
SAVE,2018,Q2,RPM,manual_only,NO_MANUAL_ROW
SAVE,2018,Q3,RPM,manual_only,NO_MANUAL_ROW
SAVE,2018,Q4,RPM,manual_only,NO_MANUAL_ROW
SAVE,2019,FY,RPM,manual_only,NO_MANUAL_ROW
SAVE,2019,Q1,RPM,manual_only,NO_MANUAL_ROW
SAVE,2019,Q2,RPM,manual_only,NO_MANUAL_ROW
SAVE,2019,Q3,RPM,manual_only,NO_MANUAL_ROW
SAVE,2019,Q4,RPM,manual_only,NO_MANUAL_ROW
SAVE,2020,FY,RPM,manual_only,NO_MANUAL_ROW
SAVE,2020,Q1,RPM,manual_only,NO_MANUAL_ROW
SAVE,2020,Q2,RPM,manual_only,NO_MANUAL_ROW
SAVE,2020,Q3,RPM,manual_only,NO_MANUAL_ROW
SAVE,2020,Q4,RPM,manual_only,NO_MANUAL_ROW
SAVE,2021,FY,RPM,manual_only,NO_MANUAL_ROW
SAVE,2021,Q1,RPM,manual_only,NO_MANUAL_ROW
SAVE,2021,Q2,RPM,manual_only,NO_MANUAL_ROW
SAVE,2021,Q3,RPM,manual_only,NO_MANUAL_ROW
SAVE,2021,Q4,RPM,manual_only,NO_MANUAL_ROW
SAVE,2022,FY,RPM,manual_only,NO_MANUAL_ROW
SAVE,2022,Q1,RPM,manual_only,NO_MANUAL_ROW
SAVE,2022,Q2,RPM,manual_only,NO_MANUAL_ROW
SAVE,2022,Q3,RPM,manual_only,NO_MANUAL_ROW
SAVE,2022,Q4,RPM,manual_only,NO_MANUAL_ROW
SAVE,2023,FY,RPM,manual_only,NO_MANUAL_ROW
SAVE,2023,Q1,RPM,manual_only,NO_MANUAL_ROW
SAVE,2023,Q2,RPM,manual_only,NO_MANUAL_ROW
SAVE,2023,Q3,RPM,manual_only,NO_MANUAL_ROW
SAVE,2023,Q4,RPM,manual_only,NO_MANUAL_ROW
SAVE,2024,FY,RPM,manual_only,NO_MANUAL_ROW
SAVE,2024,Q1,RPM,manual_only,NO_MANUAL_ROW
SAVE,2024,Q2,RPM,manual_only,NO_MANUAL_ROW
SAVE,2024,Q3,RPM,manual_only,NO_MANUAL_ROW
SAVE,2024,Q4,RPM,manual_only,NO_MANUAL_ROW
SAVE,2025,FY,RPM,manual_only,NO_MANUAL_ROW
SAVE,2025,Q1,RPM,manual_only,NO_MANUAL_ROW
SAVE,2025,Q2,RPM,manual_only,NO_MANUAL_ROW
SAVE,2025,Q3,RPM,manual_only,NO_MANUAL_ROW
SAVE,2025,Q4,RPM,manual_only,NO_MANUAL_ROW
SAVE,2014,FY,Short-Term Investments,auto_xbrl,NO_AUTO_VALUE
SAVE,2014,Q1,Short-Term Investments,auto_xbrl,NO_AUTO_VALUE
SAVE,2014,Q2,Short-Term Investments,auto_xbrl,NO_AUTO_VALUE
SAVE,2014,Q3,Short-Term Investments,auto_xbrl,NO_AUTO_VALUE
SAVE,2014,Q4,Short-Term Investments,auto_xbrl,NO_AUTO_VALUE
SAVE,2015,FY,Short-Term Investments,auto_xbrl,NO_AUTO_VALUE
SAVE,2015,Q1,Short-Term Investments,auto_xbrl,NO_AUTO_VALUE
SAVE,2015,Q2,Short-Term Investments,auto_xbrl,NO_AUTO_VALUE
SAVE,2015,Q3,Short-Term Investments,auto_xbrl,NO_AUTO_VALUE
SAVE,2015,Q4,Short-Term Investments,auto_xbrl,NO_AUTO_VALUE
SAVE,2016,Q1,Short-Term Investments,auto_xbrl,NO_AUTO_VALUE
SAVE,2016,Q2,Short-Term Investments,auto_xbrl,NO_AUTO_VALUE
SAVE,2017,Q1,Short-Term Investments,auto_xbrl,NO_AUTO_VALUE
SAVE,2017,Q2,Short-Term Investments,auto_xbrl,NO_AUTO_VALUE
SKYW,2014,FY,ASM,manual_only,NO_MANUAL_ROW
SKYW,2014,Q1,ASM,manual_only,NO_MANUAL_ROW
SKYW,2014,Q2,ASM,manual_only,NO_MANUAL_ROW
SKYW,2014,Q3,ASM,manual_only,NO_MANUAL_ROW
SKYW,2014,Q4,ASM,manual_only,NO_MANUAL_ROW
SKYW,2015,FY,ASM,manual_only,NO_MANUAL_ROW
SKYW,2015,Q1,ASM,manual_only,NO_MANUAL_ROW
SKYW,2015,Q2,ASM,manual_only,NO_MANUAL_ROW
SKYW,2015,Q3,ASM,manual_only,NO_MANUAL_ROW
SKYW,2015,Q4,ASM,manual_only,NO_MANUAL_ROW
SKYW,2016,FY,ASM,manual_only,NO_MANUAL_ROW
SKYW,2016,Q1,ASM,manual_only,NO_MANUAL_ROW
SKYW,2016,Q2,ASM,manual_only,NO_MANUAL_ROW
SKYW,2016,Q3,ASM,manual_only,NO_MANUAL_ROW
SKYW,2016,Q4,ASM,manual_only,NO_MANUAL_ROW
SKYW,2017,FY,ASM,manual_only,NO_MANUAL_ROW
SKYW,2017,Q1,ASM,manual_only,NO_MANUAL_ROW
SKYW,2017,Q2,ASM,manual_only,NO_MANUAL_ROW
SKYW,2017,Q3,ASM,manual_only,NO_MANUAL_ROW
SKYW,2017,Q4,ASM,manual_only,NO_MANUAL_ROW
SKYW,2018,FY,ASM,manual_only,NO_MANUAL_ROW
SKYW,2018,Q1,ASM,manual_only,NO_MANUAL_ROW
SKYW,2018,Q2,ASM,manual_only,NO_MANUAL_ROW
SKYW,2018,Q3,ASM,manual_only,NO_MANUAL_ROW
SKYW,2018,Q4,ASM,manual_only,NO_MANUAL_ROW
SKYW,2019,FY,ASM,manual_only,NO_MANUAL_ROW
SKYW,2019,Q1,ASM,manual_only,NO_MANUAL_ROW
SKYW,2019,Q2,ASM,manual_only,NO_MANUAL_ROW
SKYW,2019,Q3,ASM,manual_only,NO_MANUAL_ROW
SKYW,2019,Q4,ASM,manual_only,NO_MANUAL_ROW
SKYW,2020,FY,ASM,manual_only,NO_MANUAL_ROW
SKYW,2020,Q1,ASM,manual_only,NO_MANUAL_ROW
SKYW,2020,Q2,ASM,manual_only,NO_MANUAL_ROW
SKYW,2020,Q3,ASM,manual_only,NO_MANUAL_ROW
SKYW,2020,Q4,ASM,manual_only,NO_MANUAL_ROW
SKYW,2021,FY,ASM,manual_only,NO_MANUAL_ROW
SKYW,2021,Q1,ASM,manual_only,NO_MANUAL_ROW
SKYW,2021,Q2,ASM,manual_only,NO_MANUAL_ROW
SKYW,2021,Q3,ASM,manual_only,NO_MANUAL_ROW
SKYW,2021,Q4,ASM,manual_only,NO_MANUAL_ROW
SKYW,2022,FY,ASM,manual_only,NO_MANUAL_ROW
SKYW,2022,Q1,ASM,manual_only,NO_MANUAL_ROW
SKYW,2022,Q2,ASM,manual_only,NO_MANUAL_ROW
SKYW,2022,Q3,ASM,manual_only,NO_MANUAL_ROW
SKYW,2022,Q4,ASM,manual_only,NO_MANUAL_ROW
SKYW,2023,FY,ASM,manual_only,NO_MANUAL_ROW
SKYW,2023,Q1,ASM,manual_only,NO_MANUAL_ROW
SKYW,2023,Q2,ASM,manual_only,NO_MANUAL_ROW
SKYW,2023,Q3,ASM,manual_only,NO_MANUAL_ROW
SKYW,2023,Q4,ASM,manual_only,NO_MANUAL_ROW
SKYW,2024,FY,ASM,manual_only,NO_MANUAL_ROW
SKYW,2024,Q1,ASM,manual_only,NO_MANUAL_ROW
SKYW,2024,Q2,ASM,manual_only,NO_MANUAL_ROW
SKYW,2024,Q3,ASM,manual_only,NO_MANUAL_ROW
SKYW,2024,Q4,ASM,manual_only,NO_MANUAL_ROW
SKYW,2025,FY,ASM,manual_only,NO_MANUAL_ROW
SKYW,2025,Q1,ASM,manual_only,NO_MANUAL_ROW
SKYW,2025,Q2,ASM,manual_only,NO_MANUAL_ROW
SKYW,2025,Q3,ASM,manual_only,NO_MANUAL_ROW
SKYW,2025,Q4,ASM,manual_only,NO_MANUAL_ROW
SKYW,2026,Q1,ASM,manual_only,NO_MANUAL_ROW
SKYW,2026,Q2,ASM,manual_only,NO_MANUAL_ROW
SKYW,2018,FY,Operating Expenses,auto_xbrl,NO_AUTO_VALUE
SKYW,2018,Q1,Operating Expenses,auto_xbrl,NO_AUTO_VALUE
SKYW,2018,Q2,Operating Expenses,auto_xbrl,NO_AUTO_VALUE
SKYW,2018,Q3,Operating Expenses,auto_xbrl,NO_AUTO_VALUE
SKYW,2018,Q4,Operating Expenses,auto_xbrl,NO_AUTO_VALUE
SKYW,2019,Q1,Operating Expenses,auto_xbrl,NO_AUTO_VALUE
SKYW,2019,Q2,Operating Expenses,auto_xbrl,NO_AUTO_VALUE
SKYW,2019,Q3,Operating Expenses,auto_xbrl,NO_AUTO_VALUE
SKYW,2019,Q4,Operating Expenses,auto_xbrl,NO_AUTO_VALUE
SKYW,2020,Q1,Operating Expenses,auto_xbrl,NO_AUTO_VALUE
SKYW,2020,Q2,Operating Expenses,auto_xbrl,NO_AUTO_VALUE
SKYW,2020,Q4,Operating Expenses,auto_xbrl,NO_AUTO_VALUE
SKYW,2014,FY,Passenger Revenue,manual_only,NO_MANUAL_ROW
SKYW,2014,Q1,Passenger Revenue,manual_only,NO_MANUAL_ROW
SKYW,2014,Q2,Passenger Revenue,manual_only,NO_MANUAL_ROW
SKYW,2014,Q3,Passenger Revenue,manual_only,NO_MANUAL_ROW
SKYW,2014,Q4,Passenger Revenue,manual_only,NO_MANUAL_ROW
SKYW,2015,FY,Passenger Revenue,manual_only,NO_MANUAL_ROW
SKYW,2015,Q1,Passenger Revenue,manual_only,NO_MANUAL_ROW
SKYW,2015,Q2,Passenger Revenue,manual_only,NO_MANUAL_ROW
SKYW,2015,Q3,Passenger Revenue,manual_only,NO_MANUAL_ROW
SKYW,2015,Q4,Passenger Revenue,manual_only,NO_MANUAL_ROW
SKYW,2016,FY,Passenger Revenue,manual_only,NO_MANUAL_ROW
SKYW,2016,Q1,Passenger Revenue,manual_only,NO_MANUAL_ROW
SKYW,2016,Q2,Passenger Revenue,manual_only,NO_MANUAL_ROW
SKYW,2016,Q3,Passenger Revenue,manual_only,NO_MANUAL_ROW
SKYW,2016,Q4,Passenger Revenue,manual_only,NO_MANUAL_ROW
SKYW,2017,FY,Passenger Revenue,manual_only,NO_MANUAL_ROW
SKYW,2017,Q1,Passenger Revenue,manual_only,NO_MANUAL_ROW
SKYW,2017,Q2,Passenger Revenue,manual_only,NO_MANUAL_ROW
SKYW,2017,Q3,Passenger Revenue,manual_only,NO_MANUAL_ROW
SKYW,2017,Q4,Passenger Revenue,manual_only,NO_MANUAL_ROW
SKYW,2018,FY,Passenger Revenue,manual_only,NO_MANUAL_ROW
SKYW,2018,Q1,Passenger Revenue,manual_only,NO_MANUAL_ROW
SKYW,2018,Q2,Passenger Revenue,manual_only,NO_MANUAL_ROW
SKYW,2018,Q3,Passenger Revenue,manual_only,NO_MANUAL_ROW
SKYW,2018,Q4,Passenger Revenue,manual_only,NO_MANUAL_ROW
SKYW,2019,FY,Passenger Revenue,manual_only,NO_MANUAL_ROW
SKYW,2019,Q1,Passenger Revenue,manual_only,NO_MANUAL_ROW
SKYW,2019,Q2,Passenger Revenue,manual_only,NO_MANUAL_ROW
SKYW,2019,Q3,Passenger Revenue,manual_only,NO_MANUAL_ROW
SKYW,2019,Q4,Passenger Revenue,manual_only,NO_MANUAL_ROW
SKYW,2020,FY,Passenger Revenue,manual_only,NO_MANUAL_ROW
SKYW,2020,Q1,Passenger Revenue,manual_only,NO_MANUAL_ROW
SKYW,2020,Q2,Passenger Revenue,manual_only,NO_MANUAL_ROW
SKYW,2020,Q3,Passenger Revenue,manual_only,NO_MANUAL_ROW
SKYW,2020,Q4,Passenger Revenue,manual_only,NO_MANUAL_ROW
SKYW,2021,FY,Passenger Revenue,manual_only,NO_MANUAL_ROW
SKYW,2021,Q1,Passenger Revenue,manual_only,NO_MANUAL_ROW
SKYW,2021,Q2,Passenger Revenue,manual_only,NO_MANUAL_ROW
SKYW,2021,Q3,Passenger Revenue,manual_only,NO_MANUAL_ROW
SKYW,2021,Q4,Passenger Revenue,manual_only,NO_MANUAL_ROW
SKYW,2022,FY,Passenger Revenue,manual_only,NO_MANUAL_ROW
SKYW,2022,Q1,Passenger Revenue,manual_only,NO_MANUAL_ROW
SKYW,2022,Q2,Passenger Revenue,manual_only,NO_MANUAL_ROW
SKYW,2022,Q3,Passenger Revenue,manual_only,NO_MANUAL_ROW
SKYW,2022,Q4,Passenger Revenue,manual_only,NO_MANUAL_ROW
SKYW,2023,FY,Passenger Revenue,manual_only,NO_MANUAL_ROW
SKYW,2023,Q1,Passenger Revenue,manual_only,NO_MANUAL_ROW
SKYW,2023,Q2,Passenger Revenue,manual_only,NO_MANUAL_ROW
SKYW,2023,Q3,Passenger Revenue,manual_only,NO_MANUAL_ROW
SKYW,2023,Q4,Passenger Revenue,manual_only,NO_MANUAL_ROW
SKYW,2024,FY,Passenger Revenue,manual_only,NO_MANUAL_ROW
SKYW,2024,Q1,Passenger Revenue,manual_only,NO_MANUAL_ROW
SKYW,2024,Q2,Passenger Revenue,manual_only,NO_MANUAL_ROW
SKYW,2024,Q3,Passenger Revenue,manual_only,NO_MANUAL_ROW
SKYW,2024,Q4,Passenger Revenue,manual_only,NO_MANUAL_ROW
SKYW,2025,FY,Passenger Revenue,manual_only,NO_MANUAL_ROW
SKYW,2025,Q1,Passenger Revenue,manual_only,NO_MANUAL_ROW
SKYW,2025,Q2,Passenger Revenue,manual_only,NO_MANUAL_ROW
SKYW,2025,Q3,Passenger Revenue,manual_only,NO_MANUAL_ROW
SKYW,2025,Q4,Passenger Revenue,manual_only,NO_MANUAL_ROW
SKYW,2026,Q1,Passenger Revenue,manual_only,NO_MANUAL_ROW
SKYW,2026,Q2,Passenger Revenue,manual_only,NO_MANUAL_ROW
SKYW,2014,FY,Profit Sharing,manual_only,NO_MANUAL_ROW
SKYW,2014,Q1,Profit Sharing,manual_only,NO_MANUAL_ROW
SKYW,2014,Q2,Profit Sharing,manual_only,NO_MANUAL_ROW
SKYW,2014,Q3,Profit Sharing,manual_only,NO_MANUAL_ROW
SKYW,2014,Q4,Profit Sharing,manual_only,NO_MANUAL_ROW
SKYW,2015,FY,Profit Sharing,manual_only,NO_MANUAL_ROW
SKYW,2015,Q1,Profit Sharing,manual_only,NO_MANUAL_ROW
SKYW,2015,Q2,Profit Sharing,manual_only,NO_MANUAL_ROW
SKYW,2015,Q3,Profit Sharing,manual_only,NO_MANUAL_ROW
SKYW,2015,Q4,Profit Sharing,manual_only,NO_MANUAL_ROW
SKYW,2016,FY,Profit Sharing,manual_only,NO_MANUAL_ROW
SKYW,2016,Q1,Profit Sharing,manual_only,NO_MANUAL_ROW
SKYW,2016,Q2,Profit Sharing,manual_only,NO_MANUAL_ROW
SKYW,2016,Q3,Profit Sharing,manual_only,NO_MANUAL_ROW
SKYW,2016,Q4,Profit Sharing,manual_only,NO_MANUAL_ROW
SKYW,2017,FY,Profit Sharing,manual_only,NO_MANUAL_ROW
SKYW,2017,Q1,Profit Sharing,manual_only,NO_MANUAL_ROW
SKYW,2017,Q2,Profit Sharing,manual_only,NO_MANUAL_ROW
SKYW,2017,Q3,Profit Sharing,manual_only,NO_MANUAL_ROW
SKYW,2017,Q4,Profit Sharing,manual_only,NO_MANUAL_ROW
SKYW,2018,FY,Profit Sharing,manual_only,NO_MANUAL_ROW
SKYW,2018,Q1,Profit Sharing,manual_only,NO_MANUAL_ROW
SKYW,2018,Q2,Profit Sharing,manual_only,NO_MANUAL_ROW
SKYW,2018,Q3,Profit Sharing,manual_only,NO_MANUAL_ROW
SKYW,2018,Q4,Profit Sharing,manual_only,NO_MANUAL_ROW
SKYW,2019,FY,Profit Sharing,manual_only,NO_MANUAL_ROW
SKYW,2019,Q1,Profit Sharing,manual_only,NO_MANUAL_ROW
SKYW,2019,Q2,Profit Sharing,manual_only,NO_MANUAL_ROW
SKYW,2019,Q3,Profit Sharing,manual_only,NO_MANUAL_ROW
SKYW,2019,Q4,Profit Sharing,manual_only,NO_MANUAL_ROW
SKYW,2020,FY,Profit Sharing,manual_only,NO_MANUAL_ROW
SKYW,2020,Q1,Profit Sharing,manual_only,NO_MANUAL_ROW
SKYW,2020,Q2,Profit Sharing,manual_only,NO_MANUAL_ROW
SKYW,2020,Q3,Profit Sharing,manual_only,NO_MANUAL_ROW
SKYW,2020,Q4,Profit Sharing,manual_only,NO_MANUAL_ROW
SKYW,2021,FY,Profit Sharing,manual_only,NO_MANUAL_ROW
SKYW,2021,Q1,Profit Sharing,manual_only,NO_MANUAL_ROW
SKYW,2021,Q2,Profit Sharing,manual_only,NO_MANUAL_ROW
SKYW,2021,Q3,Profit Sharing,manual_only,NO_MANUAL_ROW
SKYW,2021,Q4,Profit Sharing,manual_only,NO_MANUAL_ROW
SKYW,2022,FY,Profit Sharing,manual_only,NO_MANUAL_ROW
SKYW,2022,Q1,Profit Sharing,manual_only,NO_MANUAL_ROW
SKYW,2022,Q2,Profit Sharing,manual_only,NO_MANUAL_ROW
SKYW,2022,Q3,Profit Sharing,manual_only,NO_MANUAL_ROW
SKYW,2022,Q4,Profit Sharing,manual_only,NO_MANUAL_ROW
SKYW,2023,FY,Profit Sharing,manual_only,NO_MANUAL_ROW
SKYW,2023,Q1,Profit Sharing,manual_only,NO_MANUAL_ROW
SKYW,2023,Q2,Profit Sharing,manual_only,NO_MANUAL_ROW
SKYW,2023,Q3,Profit Sharing,manual_only,NO_MANUAL_ROW
SKYW,2023,Q4,Profit Sharing,manual_only,NO_MANUAL_ROW
SKYW,2024,FY,Profit Sharing,manual_only,NO_MANUAL_ROW
SKYW,2024,Q1,Profit Sharing,manual_only,NO_MANUAL_ROW
SKYW,2024,Q2,Profit Sharing,manual_only,NO_MANUAL_ROW
SKYW,2024,Q3,Profit Sharing,manual_only,NO_MANUAL_ROW
SKYW,2024,Q4,Profit Sharing,manual_only,NO_MANUAL_ROW
SKYW,2025,FY,Profit Sharing,manual_only,NO_MANUAL_ROW
SKYW,2025,Q1,Profit Sharing,manual_only,NO_MANUAL_ROW
SKYW,2025,Q2,Profit Sharing,manual_only,NO_MANUAL_ROW
SKYW,2025,Q3,Profit Sharing,manual_only,NO_MANUAL_ROW
SKYW,2025,Q4,Profit Sharing,manual_only,NO_MANUAL_ROW
SKYW,2026,Q1,Profit Sharing,manual_only,NO_MANUAL_ROW
SKYW,2026,Q2,Profit Sharing,manual_only,NO_MANUAL_ROW
SKYW,2014,FY,RPM,manual_only,NO_MANUAL_ROW
SKYW,2014,Q1,RPM,manual_only,NO_MANUAL_ROW
SKYW,2014,Q2,RPM,manual_only,NO_MANUAL_ROW
SKYW,2014,Q3,RPM,manual_only,NO_MANUAL_ROW
SKYW,2014,Q4,RPM,manual_only,NO_MANUAL_ROW
SKYW,2015,FY,RPM,manual_only,NO_MANUAL_ROW
SKYW,2015,Q1,RPM,manual_only,NO_MANUAL_ROW
SKYW,2015,Q2,RPM,manual_only,NO_MANUAL_ROW
SKYW,2015,Q3,RPM,manual_only,NO_MANUAL_ROW
SKYW,2015,Q4,RPM,manual_only,NO_MANUAL_ROW
SKYW,2016,FY,RPM,manual_only,NO_MANUAL_ROW
SKYW,2016,Q1,RPM,manual_only,NO_MANUAL_ROW
SKYW,2016,Q2,RPM,manual_only,NO_MANUAL_ROW
SKYW,2016,Q3,RPM,manual_only,NO_MANUAL_ROW
SKYW,2016,Q4,RPM,manual_only,NO_MANUAL_ROW
SKYW,2017,FY,RPM,manual_only,NO_MANUAL_ROW
SKYW,2017,Q1,RPM,manual_only,NO_MANUAL_ROW
SKYW,2017,Q2,RPM,manual_only,NO_MANUAL_ROW
SKYW,2017,Q3,RPM,manual_only,NO_MANUAL_ROW
SKYW,2017,Q4,RPM,manual_only,NO_MANUAL_ROW
SKYW,2018,FY,RPM,manual_only,NO_MANUAL_ROW
SKYW,2018,Q1,RPM,manual_only,NO_MANUAL_ROW
SKYW,2018,Q2,RPM,manual_only,NO_MANUAL_ROW
SKYW,2018,Q3,RPM,manual_only,NO_MANUAL_ROW
SKYW,2018,Q4,RPM,manual_only,NO_MANUAL_ROW
SKYW,2019,FY,RPM,manual_only,NO_MANUAL_ROW
SKYW,2019,Q1,RPM,manual_only,NO_MANUAL_ROW
SKYW,2019,Q2,RPM,manual_only,NO_MANUAL_ROW
SKYW,2019,Q3,RPM,manual_only,NO_MANUAL_ROW
SKYW,2019,Q4,RPM,manual_only,NO_MANUAL_ROW
SKYW,2020,FY,RPM,manual_only,NO_MANUAL_ROW
SKYW,2020,Q1,RPM,manual_only,NO_MANUAL_ROW
SKYW,2020,Q2,RPM,manual_only,NO_MANUAL_ROW
SKYW,2020,Q3,RPM,manual_only,NO_MANUAL_ROW
SKYW,2020,Q4,RPM,manual_only,NO_MANUAL_ROW
SKYW,2021,FY,RPM,manual_only,NO_MANUAL_ROW
SKYW,2021,Q1,RPM,manual_only,NO_MANUAL_ROW
SKYW,2021,Q2,RPM,manual_only,NO_MANUAL_ROW
SKYW,2021,Q3,RPM,manual_only,NO_MANUAL_ROW
SKYW,2021,Q4,RPM,manual_only,NO_MANUAL_ROW
SKYW,2022,FY,RPM,manual_only,NO_MANUAL_ROW
SKYW,2022,Q1,RPM,manual_only,NO_MANUAL_ROW
SKYW,2022,Q2,RPM,manual_only,NO_MANUAL_ROW
SKYW,2022,Q3,RPM,manual_only,NO_MANUAL_ROW
SKYW,2022,Q4,RPM,manual_only,NO_MANUAL_ROW
SKYW,2023,FY,RPM,manual_only,NO_MANUAL_ROW
SKYW,2023,Q1,RPM,manual_only,NO_MANUAL_ROW
SKYW,2023,Q2,RPM,manual_only,NO_MANUAL_ROW
SKYW,2023,Q3,RPM,manual_only,NO_MANUAL_ROW
SKYW,2023,Q4,RPM,manual_only,NO_MANUAL_ROW
SKYW,2024,FY,RPM,manual_only,NO_MANUAL_ROW
SKYW,2024,Q1,RPM,manual_only,NO_MANUAL_ROW
SKYW,2024,Q2,RPM,manual_only,NO_MANUAL_ROW
SKYW,2024,Q3,RPM,manual_only,NO_MANUAL_ROW
SKYW,2024,Q4,RPM,manual_only,NO_MANUAL_ROW
SKYW,2025,FY,RPM,manual_only,NO_MANUAL_ROW
SKYW,2025,Q1,RPM,manual_only,NO_MANUAL_ROW
SKYW,2025,Q2,RPM,manual_only,NO_MANUAL_ROW
SKYW,2025,Q3,RPM,manual_only,NO_MANUAL_ROW
SKYW,2025,Q4,RPM,manual_only,NO_MANUAL_ROW
SKYW,2026,Q1,RPM,manual_only,NO_MANUAL_ROW
SKYW,2026,Q2,RPM,manual_only,NO_MANUAL_ROW
SKYW,2016,FY,Short-Term Investments,auto_xbrl,NO_AUTO_VALUE
SKYW,2016,Q4,Short-Term Investments,auto_xbrl,NO_AUTO_VALUE
SNCY,2014,FY,ASM,manual_only,NO_MANUAL_ROW
SNCY,2014,Q1,ASM,manual_only,NO_MANUAL_ROW
SNCY,2014,Q2,ASM,manual_only,NO_MANUAL_ROW
SNCY,2014,Q3,ASM,manual_only,NO_MANUAL_ROW
SNCY,2014,Q4,ASM,manual_only,NO_MANUAL_ROW
SNCY,2015,FY,ASM,manual_only,NO_MANUAL_ROW
SNCY,2015,Q1,ASM,manual_only,NO_MANUAL_ROW
SNCY,2015,Q2,ASM,manual_only,NO_MANUAL_ROW
SNCY,2015,Q3,ASM,manual_only,NO_MANUAL_ROW
SNCY,2015,Q4,ASM,manual_only,NO_MANUAL_ROW
SNCY,2016,FY,ASM,manual_only,NO_MANUAL_ROW
SNCY,2016,Q1,ASM,manual_only,NO_MANUAL_ROW
SNCY,2016,Q2,ASM,manual_only,NO_MANUAL_ROW
SNCY,2016,Q3,ASM,manual_only,NO_MANUAL_ROW
SNCY,2016,Q4,ASM,manual_only,NO_MANUAL_ROW
SNCY,2017,FY,ASM,manual_only,NO_MANUAL_ROW
SNCY,2017,Q1,ASM,manual_only,NO_MANUAL_ROW
SNCY,2017,Q2,ASM,manual_only,NO_MANUAL_ROW
SNCY,2017,Q3,ASM,manual_only,NO_MANUAL_ROW
SNCY,2017,Q4,ASM,manual_only,NO_MANUAL_ROW
SNCY,2018,FY,ASM,manual_only,NO_MANUAL_ROW
SNCY,2018,Q1,ASM,manual_only,NO_MANUAL_ROW
SNCY,2018,Q2,ASM,manual_only,NO_MANUAL_ROW
SNCY,2018,Q3,ASM,manual_only,NO_MANUAL_ROW
SNCY,2018,Q4,ASM,manual_only,NO_MANUAL_ROW
SNCY,2019,FY,ASM,manual_only,NO_MANUAL_ROW
SNCY,2019,Q1,ASM,manual_only,NO_MANUAL_ROW
SNCY,2019,Q2,ASM,manual_only,NO_MANUAL_ROW
SNCY,2019,Q3,ASM,manual_only,NO_MANUAL_ROW
SNCY,2019,Q4,ASM,manual_only,NO_MANUAL_ROW
SNCY,2020,FY,ASM,manual_only,NO_MANUAL_ROW
SNCY,2020,Q1,ASM,manual_only,NO_MANUAL_ROW
SNCY,2020,Q2,ASM,manual_only,NO_MANUAL_ROW
SNCY,2020,Q3,ASM,manual_only,NO_MANUAL_ROW
SNCY,2020,Q4,ASM,manual_only,NO_MANUAL_ROW
SNCY,2021,FY,ASM,manual_only,NO_MANUAL_ROW
SNCY,2021,Q1,ASM,manual_only,NO_MANUAL_ROW
SNCY,2021,Q2,ASM,manual_only,NO_MANUAL_ROW
SNCY,2021,Q3,ASM,manual_only,NO_MANUAL_ROW
SNCY,2021,Q4,ASM,manual_only,NO_MANUAL_ROW
SNCY,2022,FY,ASM,manual_only,NO_MANUAL_ROW
SNCY,2022,Q1,ASM,manual_only,NO_MANUAL_ROW
SNCY,2022,Q2,ASM,manual_only,NO_MANUAL_ROW
SNCY,2022,Q3,ASM,manual_only,NO_MANUAL_ROW
SNCY,2022,Q4,ASM,manual_only,NO_MANUAL_ROW
SNCY,2023,FY,ASM,manual_only,NO_MANUAL_ROW
SNCY,2023,Q1,ASM,manual_only,NO_MANUAL_ROW
SNCY,2023,Q2,ASM,manual_only,NO_MANUAL_ROW
SNCY,2023,Q3,ASM,manual_only,NO_MANUAL_ROW
SNCY,2023,Q4,ASM,manual_only,NO_MANUAL_ROW
SNCY,2024,FY,ASM,manual_only,NO_MANUAL_ROW
SNCY,2024,Q1,ASM,manual_only,NO_MANUAL_ROW
SNCY,2024,Q2,ASM,manual_only,NO_MANUAL_ROW
SNCY,2024,Q3,ASM,manual_only,NO_MANUAL_ROW
SNCY,2024,Q4,ASM,manual_only,NO_MANUAL_ROW
SNCY,2025,FY,ASM,manual_only,NO_MANUAL_ROW
SNCY,2025,Q1,ASM,manual_only,NO_MANUAL_ROW
SNCY,2025,Q2,ASM,manual_only,NO_MANUAL_ROW
SNCY,2025,Q3,ASM,manual_only,NO_MANUAL_ROW
SNCY,2025,Q4,ASM,manual_only,NO_MANUAL_ROW
SNCY,2026,Q1,ASM,manual_only,NO_MANUAL_ROW
SNCY,2014,FY,Capital Expenditures,auto_xbrl,NO_AUTO_ROW
SNCY,2014,Q1,Capital Expenditures,auto_xbrl,NO_AUTO_ROW
SNCY,2014,Q2,Capital Expenditures,auto_xbrl,NO_AUTO_ROW
SNCY,2014,Q3,Capital Expenditures,auto_xbrl,NO_AUTO_ROW
SNCY,2014,Q4,Capital Expenditures,auto_xbrl,NO_AUTO_ROW
SNCY,2015,FY,Capital Expenditures,auto_xbrl,NO_AUTO_ROW
SNCY,2015,Q1,Capital Expenditures,auto_xbrl,NO_AUTO_ROW
SNCY,2015,Q2,Capital Expenditures,auto_xbrl,NO_AUTO_ROW
SNCY,2015,Q3,Capital Expenditures,auto_xbrl,NO_AUTO_ROW
SNCY,2015,Q4,Capital Expenditures,auto_xbrl,NO_AUTO_ROW
SNCY,2016,FY,Capital Expenditures,auto_xbrl,NO_AUTO_ROW
SNCY,2016,Q1,Capital Expenditures,auto_xbrl,NO_AUTO_ROW
SNCY,2016,Q2,Capital Expenditures,auto_xbrl,NO_AUTO_ROW
SNCY,2016,Q3,Capital Expenditures,auto_xbrl,NO_AUTO_ROW
SNCY,2016,Q4,Capital Expenditures,auto_xbrl,NO_AUTO_ROW
SNCY,2017,FY,Capital Expenditures,auto_xbrl,NO_AUTO_ROW
SNCY,2017,Q1,Capital Expenditures,auto_xbrl,NO_AUTO_ROW
SNCY,2017,Q2,Capital Expenditures,auto_xbrl,NO_AUTO_ROW
SNCY,2017,Q3,Capital Expenditures,auto_xbrl,NO_AUTO_ROW
SNCY,2017,Q4,Capital Expenditures,auto_xbrl,NO_AUTO_ROW
SNCY,2018,FY,Capital Expenditures,auto_xbrl,NO_AUTO_VALUE
SNCY,2018,Q1,Capital Expenditures,auto_xbrl,NO_AUTO_ROW
SNCY,2018,Q2,Capital Expenditures,auto_xbrl,NO_AUTO_ROW
SNCY,2018,Q3,Capital Expenditures,auto_xbrl,NO_AUTO_ROW
SNCY,2018,Q4,Capital Expenditures,auto_xbrl,NO_AUTO_VALUE
SNCY,2019,Q1,Capital Expenditures,auto_xbrl,NO_AUTO_VALUE
SNCY,2019,Q2,Capital Expenditures,auto_xbrl,NO_AUTO_VALUE
SNCY,2019,Q3,Capital Expenditures,auto_xbrl,NO_AUTO_VALUE
SNCY,2019,Q4,Capital Expenditures,auto_xbrl,NO_AUTO_VALUE
SNCY,2014,FY,Cash & Cash Equivalents,auto_xbrl,NO_AUTO_ROW
SNCY,2014,Q1,Cash & Cash Equivalents,auto_xbrl,NO_AUTO_ROW
SNCY,2014,Q2,Cash & Cash Equivalents,auto_xbrl,NO_AUTO_ROW
SNCY,2014,Q3,Cash & Cash Equivalents,auto_xbrl,NO_AUTO_ROW
SNCY,2014,Q4,Cash & Cash Equivalents,auto_xbrl,NO_AUTO_ROW
SNCY,2015,FY,Cash & Cash Equivalents,auto_xbrl,NO_AUTO_ROW
SNCY,2015,Q1,Cash & Cash Equivalents,auto_xbrl,NO_AUTO_ROW
SNCY,2015,Q2,Cash & Cash Equivalents,auto_xbrl,NO_AUTO_ROW
SNCY,2015,Q3,Cash & Cash Equivalents,auto_xbrl,NO_AUTO_ROW
SNCY,2015,Q4,Cash & Cash Equivalents,auto_xbrl,NO_AUTO_ROW
SNCY,2016,FY,Cash & Cash Equivalents,auto_xbrl,NO_AUTO_ROW
SNCY,2016,Q1,Cash & Cash Equivalents,auto_xbrl,NO_AUTO_ROW
SNCY,2016,Q2,Cash & Cash Equivalents,auto_xbrl,NO_AUTO_ROW
SNCY,2016,Q3,Cash & Cash Equivalents,auto_xbrl,NO_AUTO_ROW
SNCY,2016,Q4,Cash & Cash Equivalents,auto_xbrl,NO_AUTO_ROW
SNCY,2017,FY,Cash & Cash Equivalents,auto_xbrl,NO_AUTO_ROW
SNCY,2017,Q1,Cash & Cash Equivalents,auto_xbrl,NO_AUTO_ROW
SNCY,2017,Q2,Cash & Cash Equivalents,auto_xbrl,NO_AUTO_ROW
SNCY,2017,Q3,Cash & Cash Equivalents,auto_xbrl,NO_AUTO_ROW
SNCY,2017,Q4,Cash & Cash Equivalents,auto_xbrl,NO_AUTO_ROW
SNCY,2018,Q1,Cash & Cash Equivalents,auto_xbrl,NO_AUTO_ROW
SNCY,2018,Q2,Cash & Cash Equivalents,auto_xbrl,NO_AUTO_ROW
SNCY,2018,Q3,Cash & Cash Equivalents,auto_xbrl,NO_AUTO_ROW
SNCY,2014,FY,Current Maturities,auto_xbrl,NO_AUTO_ROW
SNCY,2014,Q1,Current Maturities,auto_xbrl,NO_AUTO_ROW
SNCY,2014,Q2,Current Maturities,auto_xbrl,NO_AUTO_ROW
SNCY,2014,Q3,Current Maturities,auto_xbrl,NO_AUTO_ROW
SNCY,2014,Q4,Current Maturities,auto_xbrl,NO_AUTO_ROW
SNCY,2015,FY,Current Maturities,auto_xbrl,NO_AUTO_ROW
SNCY,2015,Q1,Current Maturities,auto_xbrl,NO_AUTO_ROW
SNCY,2015,Q2,Current Maturities,auto_xbrl,NO_AUTO_ROW
SNCY,2015,Q3,Current Maturities,auto_xbrl,NO_AUTO_ROW
SNCY,2015,Q4,Current Maturities,auto_xbrl,NO_AUTO_ROW
SNCY,2016,FY,Current Maturities,auto_xbrl,NO_AUTO_ROW
SNCY,2016,Q1,Current Maturities,auto_xbrl,NO_AUTO_ROW
SNCY,2016,Q2,Current Maturities,auto_xbrl,NO_AUTO_ROW
SNCY,2016,Q3,Current Maturities,auto_xbrl,NO_AUTO_ROW
SNCY,2016,Q4,Current Maturities,auto_xbrl,NO_AUTO_ROW
SNCY,2017,FY,Current Maturities,auto_xbrl,NO_AUTO_ROW
SNCY,2017,Q1,Current Maturities,auto_xbrl,NO_AUTO_ROW
SNCY,2017,Q2,Current Maturities,auto_xbrl,NO_AUTO_ROW
SNCY,2017,Q3,Current Maturities,auto_xbrl,NO_AUTO_ROW
SNCY,2017,Q4,Current Maturities,auto_xbrl,NO_AUTO_ROW
SNCY,2018,FY,Current Maturities,auto_xbrl,NO_AUTO_VALUE
SNCY,2018,Q1,Current Maturities,auto_xbrl,NO_AUTO_ROW
SNCY,2018,Q2,Current Maturities,auto_xbrl,NO_AUTO_ROW
SNCY,2018,Q3,Current Maturities,auto_xbrl,NO_AUTO_ROW
SNCY,2018,Q4,Current Maturities,auto_xbrl,NO_AUTO_VALUE
SNCY,2019,FY,Current Maturities,auto_xbrl,NO_AUTO_VALUE
SNCY,2019,Q1,Current Maturities,auto_xbrl,NO_AUTO_VALUE
SNCY,2019,Q2,Current Maturities,auto_xbrl,NO_AUTO_VALUE
SNCY,2019,Q3,Current Maturities,auto_xbrl,NO_AUTO_VALUE
SNCY,2019,Q4,Current Maturities,auto_xbrl,NO_AUTO_VALUE
SNCY,2014,FY,Earnings Per Share,auto_xbrl,NO_AUTO_ROW
SNCY,2014,Q1,Earnings Per Share,auto_xbrl,NO_AUTO_ROW
SNCY,2014,Q2,Earnings Per Share,auto_xbrl,NO_AUTO_ROW
SNCY,2014,Q3,Earnings Per Share,auto_xbrl,NO_AUTO_ROW
SNCY,2014,Q4,Earnings Per Share,auto_xbrl,NO_AUTO_ROW
SNCY,2015,FY,Earnings Per Share,auto_xbrl,NO_AUTO_ROW
SNCY,2015,Q1,Earnings Per Share,auto_xbrl,NO_AUTO_ROW
SNCY,2015,Q2,Earnings Per Share,auto_xbrl,NO_AUTO_ROW
SNCY,2015,Q3,Earnings Per Share,auto_xbrl,NO_AUTO_ROW
SNCY,2015,Q4,Earnings Per Share,auto_xbrl,NO_AUTO_ROW
SNCY,2016,FY,Earnings Per Share,auto_xbrl,NO_AUTO_ROW
SNCY,2016,Q1,Earnings Per Share,auto_xbrl,NO_AUTO_ROW
SNCY,2016,Q2,Earnings Per Share,auto_xbrl,NO_AUTO_ROW
SNCY,2016,Q3,Earnings Per Share,auto_xbrl,NO_AUTO_ROW
SNCY,2016,Q4,Earnings Per Share,auto_xbrl,NO_AUTO_ROW
SNCY,2017,FY,Earnings Per Share,auto_xbrl,NO_AUTO_ROW
SNCY,2017,Q1,Earnings Per Share,auto_xbrl,NO_AUTO_ROW
SNCY,2017,Q2,Earnings Per Share,auto_xbrl,NO_AUTO_ROW
SNCY,2017,Q3,Earnings Per Share,auto_xbrl,NO_AUTO_ROW
SNCY,2017,Q4,Earnings Per Share,auto_xbrl,NO_AUTO_ROW
SNCY,2018,FY,Earnings Per Share,auto_xbrl,NO_AUTO_VALUE
SNCY,2018,Q1,Earnings Per Share,auto_xbrl,NO_AUTO_ROW
SNCY,2018,Q2,Earnings Per Share,auto_xbrl,NO_AUTO_ROW
SNCY,2018,Q3,Earnings Per Share,auto_xbrl,NO_AUTO_ROW
SNCY,2018,Q4,Earnings Per Share,auto_xbrl,NO_AUTO_VALUE
SNCY,2019,Q1,Earnings Per Share,auto_xbrl,NO_AUTO_VALUE
SNCY,2019,Q2,Earnings Per Share,auto_xbrl,NO_AUTO_VALUE
SNCY,2019,Q3,Earnings Per Share,auto_xbrl,NO_AUTO_VALUE
SNCY,2019,Q4,Earnings Per Share,auto_xbrl,NO_AUTO_VALUE
SNCY,2014,FY,Long-Term Debt,auto_xbrl,NO_AUTO_ROW
SNCY,2014,Q1,Long-Term Debt,auto_xbrl,NO_AUTO_ROW
SNCY,2014,Q2,Long-Term Debt,auto_xbrl,NO_AUTO_ROW
SNCY,2014,Q3,Long-Term Debt,auto_xbrl,NO_AUTO_ROW
SNCY,2014,Q4,Long-Term Debt,auto_xbrl,NO_AUTO_ROW
SNCY,2015,FY,Long-Term Debt,auto_xbrl,NO_AUTO_ROW
SNCY,2015,Q1,Long-Term Debt,auto_xbrl,NO_AUTO_ROW
SNCY,2015,Q2,Long-Term Debt,auto_xbrl,NO_AUTO_ROW
SNCY,2015,Q3,Long-Term Debt,auto_xbrl,NO_AUTO_ROW
SNCY,2015,Q4,Long-Term Debt,auto_xbrl,NO_AUTO_ROW
SNCY,2016,FY,Long-Term Debt,auto_xbrl,NO_AUTO_ROW
SNCY,2016,Q1,Long-Term Debt,auto_xbrl,NO_AUTO_ROW
SNCY,2016,Q2,Long-Term Debt,auto_xbrl,NO_AUTO_ROW
SNCY,2016,Q3,Long-Term Debt,auto_xbrl,NO_AUTO_ROW
SNCY,2016,Q4,Long-Term Debt,auto_xbrl,NO_AUTO_ROW
SNCY,2017,FY,Long-Term Debt,auto_xbrl,NO_AUTO_ROW
SNCY,2017,Q1,Long-Term Debt,auto_xbrl,NO_AUTO_ROW
SNCY,2017,Q2,Long-Term Debt,auto_xbrl,NO_AUTO_ROW
SNCY,2017,Q3,Long-Term Debt,auto_xbrl,NO_AUTO_ROW
SNCY,2017,Q4,Long-Term Debt,auto_xbrl,NO_AUTO_ROW
SNCY,2018,FY,Long-Term Debt,auto_xbrl,NO_AUTO_VALUE
SNCY,2018,Q1,Long-Term Debt,auto_xbrl,NO_AUTO_ROW
SNCY,2018,Q2,Long-Term Debt,auto_xbrl,NO_AUTO_ROW
SNCY,2018,Q3,Long-Term Debt,auto_xbrl,NO_AUTO_ROW
SNCY,2018,Q4,Long-Term Debt,auto_xbrl,NO_AUTO_VALUE
SNCY,2019,FY,Long-Term Debt,auto_xbrl,NO_AUTO_VALUE
SNCY,2019,Q1,Long-Term Debt,auto_xbrl,NO_AUTO_VALUE
SNCY,2019,Q2,Long-Term Debt,auto_xbrl,NO_AUTO_VALUE
SNCY,2019,Q3,Long-Term Debt,auto_xbrl,NO_AUTO_VALUE
SNCY,2019,Q4,Long-Term Debt,auto_xbrl,NO_AUTO_VALUE
SNCY,2014,FY,Net Income,auto_xbrl,NO_AUTO_ROW
SNCY,2014,Q1,Net Income,auto_xbrl,NO_AUTO_ROW
SNCY,2014,Q2,Net Income,auto_xbrl,NO_AUTO_ROW
SNCY,2014,Q3,Net Income,auto_xbrl,NO_AUTO_ROW
SNCY,2014,Q4,Net Income,auto_xbrl,NO_AUTO_ROW
SNCY,2015,FY,Net Income,auto_xbrl,NO_AUTO_ROW
SNCY,2015,Q1,Net Income,auto_xbrl,NO_AUTO_ROW
SNCY,2015,Q2,Net Income,auto_xbrl,NO_AUTO_ROW
SNCY,2015,Q3,Net Income,auto_xbrl,NO_AUTO_ROW
SNCY,2015,Q4,Net Income,auto_xbrl,NO_AUTO_ROW
SNCY,2016,FY,Net Income,auto_xbrl,NO_AUTO_ROW
SNCY,2016,Q1,Net Income,auto_xbrl,NO_AUTO_ROW
SNCY,2016,Q2,Net Income,auto_xbrl,NO_AUTO_ROW
SNCY,2016,Q3,Net Income,auto_xbrl,NO_AUTO_ROW
SNCY,2016,Q4,Net Income,auto_xbrl,NO_AUTO_ROW
SNCY,2017,FY,Net Income,auto_xbrl,NO_AUTO_ROW
SNCY,2017,Q1,Net Income,auto_xbrl,NO_AUTO_ROW
SNCY,2017,Q2,Net Income,auto_xbrl,NO_AUTO_ROW
SNCY,2017,Q3,Net Income,auto_xbrl,NO_AUTO_ROW
SNCY,2017,Q4,Net Income,auto_xbrl,NO_AUTO_ROW
SNCY,2018,FY,Net Income,auto_xbrl,NO_AUTO_VALUE
SNCY,2018,Q1,Net Income,auto_xbrl,NO_AUTO_ROW
SNCY,2018,Q2,Net Income,auto_xbrl,NO_AUTO_ROW
SNCY,2018,Q3,Net Income,auto_xbrl,NO_AUTO_ROW
SNCY,2018,Q4,Net Income,auto_xbrl,NO_AUTO_VALUE
SNCY,2019,Q1,Net Income,auto_xbrl,NO_AUTO_VALUE
SNCY,2019,Q2,Net Income,auto_xbrl,NO_AUTO_VALUE
SNCY,2019,Q3,Net Income,auto_xbrl,NO_AUTO_VALUE
SNCY,2019,Q4,Net Income,auto_xbrl,NO_AUTO_VALUE
SNCY,2014,FY,Operating Cash Flow,auto_xbrl,NO_AUTO_ROW
SNCY,2014,Q1,Operating Cash Flow,auto_xbrl,NO_AUTO_ROW
SNCY,2014,Q2,Operating Cash Flow,auto_xbrl,NO_AUTO_ROW
SNCY,2014,Q3,Operating Cash Flow,auto_xbrl,NO_AUTO_ROW
SNCY,2014,Q4,Operating Cash Flow,auto_xbrl,NO_AUTO_ROW
SNCY,2015,FY,Operating Cash Flow,auto_xbrl,NO_AUTO_ROW
SNCY,2015,Q1,Operating Cash Flow,auto_xbrl,NO_AUTO_ROW
SNCY,2015,Q2,Operating Cash Flow,auto_xbrl,NO_AUTO_ROW
SNCY,2015,Q3,Operating Cash Flow,auto_xbrl,NO_AUTO_ROW
SNCY,2015,Q4,Operating Cash Flow,auto_xbrl,NO_AUTO_ROW
SNCY,2016,FY,Operating Cash Flow,auto_xbrl,NO_AUTO_ROW
SNCY,2016,Q1,Operating Cash Flow,auto_xbrl,NO_AUTO_ROW
SNCY,2016,Q2,Operating Cash Flow,auto_xbrl,NO_AUTO_ROW
SNCY,2016,Q3,Operating Cash Flow,auto_xbrl,NO_AUTO_ROW
SNCY,2016,Q4,Operating Cash Flow,auto_xbrl,NO_AUTO_ROW
SNCY,2017,FY,Operating Cash Flow,auto_xbrl,NO_AUTO_ROW
SNCY,2017,Q1,Operating Cash Flow,auto_xbrl,NO_AUTO_ROW
SNCY,2017,Q2,Operating Cash Flow,auto_xbrl,NO_AUTO_ROW
SNCY,2017,Q3,Operating Cash Flow,auto_xbrl,NO_AUTO_ROW
SNCY,2017,Q4,Operating Cash Flow,auto_xbrl,NO_AUTO_ROW
SNCY,2018,FY,Operating Cash Flow,auto_xbrl,NO_AUTO_VALUE
SNCY,2018,Q1,Operating Cash Flow,auto_xbrl,NO_AUTO_ROW
SNCY,2018,Q2,Operating Cash Flow,auto_xbrl,NO_AUTO_ROW
SNCY,2018,Q3,Operating Cash Flow,auto_xbrl,NO_AUTO_ROW
SNCY,2018,Q4,Operating Cash Flow,auto_xbrl,NO_AUTO_VALUE
SNCY,2019,Q1,Operating Cash Flow,auto_xbrl,NO_AUTO_VALUE
SNCY,2019,Q2,Operating Cash Flow,auto_xbrl,NO_AUTO_VALUE
SNCY,2019,Q3,Operating Cash Flow,auto_xbrl,NO_AUTO_VALUE
SNCY,2019,Q4,Operating Cash Flow,auto_xbrl,NO_AUTO_VALUE
SNCY,2014,FY,Operating Expenses,auto_xbrl,NO_AUTO_ROW
SNCY,2014,Q1,Operating Expenses,auto_xbrl,NO_AUTO_ROW
SNCY,2014,Q2,Operating Expenses,auto_xbrl,NO_AUTO_ROW
SNCY,2014,Q3,Operating Expenses,auto_xbrl,NO_AUTO_ROW
SNCY,2014,Q4,Operating Expenses,auto_xbrl,NO_AUTO_ROW
SNCY,2015,FY,Operating Expenses,auto_xbrl,NO_AUTO_ROW
SNCY,2015,Q1,Operating Expenses,auto_xbrl,NO_AUTO_ROW
SNCY,2015,Q2,Operating Expenses,auto_xbrl,NO_AUTO_ROW
SNCY,2015,Q3,Operating Expenses,auto_xbrl,NO_AUTO_ROW
SNCY,2015,Q4,Operating Expenses,auto_xbrl,NO_AUTO_ROW
SNCY,2016,FY,Operating Expenses,auto_xbrl,NO_AUTO_ROW
SNCY,2016,Q1,Operating Expenses,auto_xbrl,NO_AUTO_ROW
SNCY,2016,Q2,Operating Expenses,auto_xbrl,NO_AUTO_ROW
SNCY,2016,Q3,Operating Expenses,auto_xbrl,NO_AUTO_ROW
SNCY,2016,Q4,Operating Expenses,auto_xbrl,NO_AUTO_ROW
SNCY,2017,FY,Operating Expenses,auto_xbrl,NO_AUTO_ROW
SNCY,2017,Q1,Operating Expenses,auto_xbrl,NO_AUTO_ROW
SNCY,2017,Q2,Operating Expenses,auto_xbrl,NO_AUTO_ROW
SNCY,2017,Q3,Operating Expenses,auto_xbrl,NO_AUTO_ROW
SNCY,2017,Q4,Operating Expenses,auto_xbrl,NO_AUTO_ROW
SNCY,2018,FY,Operating Expenses,auto_xbrl,NO_AUTO_VALUE
SNCY,2018,Q1,Operating Expenses,auto_xbrl,NO_AUTO_ROW
SNCY,2018,Q2,Operating Expenses,auto_xbrl,NO_AUTO_ROW
SNCY,2018,Q3,Operating Expenses,auto_xbrl,NO_AUTO_ROW
SNCY,2018,Q4,Operating Expenses,auto_xbrl,NO_AUTO_VALUE
SNCY,2019,Q1,Operating Expenses,auto_xbrl,NO_AUTO_VALUE
SNCY,2019,Q2,Operating Expenses,auto_xbrl,NO_AUTO_VALUE
SNCY,2019,Q3,Operating Expenses,auto_xbrl,NO_AUTO_VALUE
SNCY,2019,Q4,Operating Expenses,auto_xbrl,NO_AUTO_VALUE
SNCY,2014,FY,Operating Income,auto_xbrl,NO_AUTO_ROW
SNCY,2014,Q1,Operating Income,auto_xbrl,NO_AUTO_ROW
SNCY,2014,Q2,Operating Income,auto_xbrl,NO_AUTO_ROW
SNCY,2014,Q3,Operating Income,auto_xbrl,NO_AUTO_ROW
SNCY,2014,Q4,Operating Income,auto_xbrl,NO_AUTO_ROW
SNCY,2015,FY,Operating Income,auto_xbrl,NO_AUTO_ROW
SNCY,2015,Q1,Operating Income,auto_xbrl,NO_AUTO_ROW
SNCY,2015,Q2,Operating Income,auto_xbrl,NO_AUTO_ROW
SNCY,2015,Q3,Operating Income,auto_xbrl,NO_AUTO_ROW
SNCY,2015,Q4,Operating Income,auto_xbrl,NO_AUTO_ROW
SNCY,2016,FY,Operating Income,auto_xbrl,NO_AUTO_ROW
SNCY,2016,Q1,Operating Income,auto_xbrl,NO_AUTO_ROW
SNCY,2016,Q2,Operating Income,auto_xbrl,NO_AUTO_ROW
SNCY,2016,Q3,Operating Income,auto_xbrl,NO_AUTO_ROW
SNCY,2016,Q4,Operating Income,auto_xbrl,NO_AUTO_ROW
SNCY,2017,FY,Operating Income,auto_xbrl,NO_AUTO_ROW
SNCY,2017,Q1,Operating Income,auto_xbrl,NO_AUTO_ROW
SNCY,2017,Q2,Operating Income,auto_xbrl,NO_AUTO_ROW
SNCY,2017,Q3,Operating Income,auto_xbrl,NO_AUTO_ROW
SNCY,2017,Q4,Operating Income,auto_xbrl,NO_AUTO_ROW
SNCY,2018,FY,Operating Income,auto_xbrl,NO_AUTO_VALUE
SNCY,2018,Q1,Operating Income,auto_xbrl,NO_AUTO_ROW
SNCY,2018,Q2,Operating Income,auto_xbrl,NO_AUTO_ROW
SNCY,2018,Q3,Operating Income,auto_xbrl,NO_AUTO_ROW
SNCY,2018,Q4,Operating Income,auto_xbrl,NO_AUTO_VALUE
SNCY,2019,Q1,Operating Income,auto_xbrl,NO_AUTO_VALUE
SNCY,2019,Q2,Operating Income,auto_xbrl,NO_AUTO_VALUE
SNCY,2019,Q3,Operating Income,auto_xbrl,NO_AUTO_VALUE
SNCY,2019,Q4,Operating Income,auto_xbrl,NO_AUTO_VALUE
SNCY,2014,FY,Operating Revenue,auto_xbrl,NO_AUTO_ROW
SNCY,2014,Q1,Operating Revenue,auto_xbrl,NO_AUTO_ROW
SNCY,2014,Q2,Operating Revenue,auto_xbrl,NO_AUTO_ROW
SNCY,2014,Q3,Operating Revenue,auto_xbrl,NO_AUTO_ROW
SNCY,2014,Q4,Operating Revenue,auto_xbrl,NO_AUTO_ROW
SNCY,2015,FY,Operating Revenue,auto_xbrl,NO_AUTO_ROW
SNCY,2015,Q1,Operating Revenue,auto_xbrl,NO_AUTO_ROW
SNCY,2015,Q2,Operating Revenue,auto_xbrl,NO_AUTO_ROW
SNCY,2015,Q3,Operating Revenue,auto_xbrl,NO_AUTO_ROW
SNCY,2015,Q4,Operating Revenue,auto_xbrl,NO_AUTO_ROW
SNCY,2016,FY,Operating Revenue,auto_xbrl,NO_AUTO_ROW
SNCY,2016,Q1,Operating Revenue,auto_xbrl,NO_AUTO_ROW
SNCY,2016,Q2,Operating Revenue,auto_xbrl,NO_AUTO_ROW
SNCY,2016,Q3,Operating Revenue,auto_xbrl,NO_AUTO_ROW
SNCY,2016,Q4,Operating Revenue,auto_xbrl,NO_AUTO_ROW
SNCY,2017,FY,Operating Revenue,auto_xbrl,NO_AUTO_ROW
SNCY,2017,Q1,Operating Revenue,auto_xbrl,NO_AUTO_ROW
SNCY,2017,Q2,Operating Revenue,auto_xbrl,NO_AUTO_ROW
SNCY,2017,Q3,Operating Revenue,auto_xbrl,NO_AUTO_ROW
SNCY,2017,Q4,Operating Revenue,auto_xbrl,NO_AUTO_ROW
SNCY,2018,FY,Operating Revenue,auto_xbrl,NO_AUTO_VALUE
SNCY,2018,Q1,Operating Revenue,auto_xbrl,NO_AUTO_ROW
SNCY,2018,Q2,Operating Revenue,auto_xbrl,NO_AUTO_ROW
SNCY,2018,Q3,Operating Revenue,auto_xbrl,NO_AUTO_ROW
SNCY,2018,Q4,Operating Revenue,auto_xbrl,NO_AUTO_VALUE
SNCY,2019,Q1,Operating Revenue,auto_xbrl,NO_AUTO_VALUE
SNCY,2019,Q2,Operating Revenue,auto_xbrl,NO_AUTO_VALUE
SNCY,2019,Q3,Operating Revenue,auto_xbrl,NO_AUTO_VALUE
SNCY,2019,Q4,Operating Revenue,auto_xbrl,NO_AUTO_VALUE
SNCY,2014,FY,Passenger Revenue,manual_only,NO_MANUAL_ROW
SNCY,2014,Q1,Passenger Revenue,manual_only,NO_MANUAL_ROW
SNCY,2014,Q2,Passenger Revenue,manual_only,NO_MANUAL_ROW
SNCY,2014,Q3,Passenger Revenue,manual_only,NO_MANUAL_ROW
SNCY,2014,Q4,Passenger Revenue,manual_only,NO_MANUAL_ROW
SNCY,2015,FY,Passenger Revenue,manual_only,NO_MANUAL_ROW
SNCY,2015,Q1,Passenger Revenue,manual_only,NO_MANUAL_ROW
SNCY,2015,Q2,Passenger Revenue,manual_only,NO_MANUAL_ROW
SNCY,2015,Q3,Passenger Revenue,manual_only,NO_MANUAL_ROW
SNCY,2015,Q4,Passenger Revenue,manual_only,NO_MANUAL_ROW
SNCY,2016,FY,Passenger Revenue,manual_only,NO_MANUAL_ROW
SNCY,2016,Q1,Passenger Revenue,manual_only,NO_MANUAL_ROW
SNCY,2016,Q2,Passenger Revenue,manual_only,NO_MANUAL_ROW
SNCY,2016,Q3,Passenger Revenue,manual_only,NO_MANUAL_ROW
SNCY,2016,Q4,Passenger Revenue,manual_only,NO_MANUAL_ROW
SNCY,2017,FY,Passenger Revenue,manual_only,NO_MANUAL_ROW
SNCY,2017,Q1,Passenger Revenue,manual_only,NO_MANUAL_ROW
SNCY,2017,Q2,Passenger Revenue,manual_only,NO_MANUAL_ROW
SNCY,2017,Q3,Passenger Revenue,manual_only,NO_MANUAL_ROW
SNCY,2017,Q4,Passenger Revenue,manual_only,NO_MANUAL_ROW
SNCY,2018,FY,Passenger Revenue,manual_only,NO_MANUAL_ROW
SNCY,2018,Q1,Passenger Revenue,manual_only,NO_MANUAL_ROW
SNCY,2018,Q2,Passenger Revenue,manual_only,NO_MANUAL_ROW
SNCY,2018,Q3,Passenger Revenue,manual_only,NO_MANUAL_ROW
SNCY,2018,Q4,Passenger Revenue,manual_only,NO_MANUAL_ROW
SNCY,2019,FY,Passenger Revenue,manual_only,NO_MANUAL_ROW
SNCY,2019,Q1,Passenger Revenue,manual_only,NO_MANUAL_ROW
SNCY,2019,Q2,Passenger Revenue,manual_only,NO_MANUAL_ROW
SNCY,2019,Q3,Passenger Revenue,manual_only,NO_MANUAL_ROW
SNCY,2019,Q4,Passenger Revenue,manual_only,NO_MANUAL_ROW
SNCY,2020,FY,Passenger Revenue,manual_only,NO_MANUAL_ROW
SNCY,2020,Q1,Passenger Revenue,manual_only,NO_MANUAL_ROW
SNCY,2020,Q2,Passenger Revenue,manual_only,NO_MANUAL_ROW
SNCY,2020,Q3,Passenger Revenue,manual_only,NO_MANUAL_ROW
SNCY,2020,Q4,Passenger Revenue,manual_only,NO_MANUAL_ROW
SNCY,2021,FY,Passenger Revenue,manual_only,NO_MANUAL_ROW
SNCY,2021,Q1,Passenger Revenue,manual_only,NO_MANUAL_ROW
SNCY,2021,Q2,Passenger Revenue,manual_only,NO_MANUAL_ROW
SNCY,2021,Q3,Passenger Revenue,manual_only,NO_MANUAL_ROW
SNCY,2021,Q4,Passenger Revenue,manual_only,NO_MANUAL_ROW
SNCY,2022,FY,Passenger Revenue,manual_only,NO_MANUAL_ROW
SNCY,2022,Q1,Passenger Revenue,manual_only,NO_MANUAL_ROW
SNCY,2022,Q2,Passenger Revenue,manual_only,NO_MANUAL_ROW
SNCY,2022,Q3,Passenger Revenue,manual_only,NO_MANUAL_ROW
SNCY,2022,Q4,Passenger Revenue,manual_only,NO_MANUAL_ROW
SNCY,2023,FY,Passenger Revenue,manual_only,NO_MANUAL_ROW
SNCY,2023,Q1,Passenger Revenue,manual_only,NO_MANUAL_ROW
SNCY,2023,Q2,Passenger Revenue,manual_only,NO_MANUAL_ROW
SNCY,2023,Q3,Passenger Revenue,manual_only,NO_MANUAL_ROW
SNCY,2023,Q4,Passenger Revenue,manual_only,NO_MANUAL_ROW
SNCY,2024,FY,Passenger Revenue,manual_only,NO_MANUAL_ROW
SNCY,2024,Q1,Passenger Revenue,manual_only,NO_MANUAL_ROW
SNCY,2024,Q2,Passenger Revenue,manual_only,NO_MANUAL_ROW
SNCY,2024,Q3,Passenger Revenue,manual_only,NO_MANUAL_ROW
SNCY,2024,Q4,Passenger Revenue,manual_only,NO_MANUAL_ROW
SNCY,2025,FY,Passenger Revenue,manual_only,NO_MANUAL_ROW
SNCY,2025,Q1,Passenger Revenue,manual_only,NO_MANUAL_ROW
SNCY,2025,Q2,Passenger Revenue,manual_only,NO_MANUAL_ROW
SNCY,2025,Q3,Passenger Revenue,manual_only,NO_MANUAL_ROW
SNCY,2025,Q4,Passenger Revenue,manual_only,NO_MANUAL_ROW
SNCY,2026,Q1,Passenger Revenue,manual_only,NO_MANUAL_ROW
SNCY,2014,FY,Profit Sharing,manual_only,NO_MANUAL_ROW
SNCY,2014,Q1,Profit Sharing,manual_only,NO_MANUAL_ROW
SNCY,2014,Q2,Profit Sharing,manual_only,NO_MANUAL_ROW
SNCY,2014,Q3,Profit Sharing,manual_only,NO_MANUAL_ROW
SNCY,2014,Q4,Profit Sharing,manual_only,NO_MANUAL_ROW
SNCY,2015,FY,Profit Sharing,manual_only,NO_MANUAL_ROW
SNCY,2015,Q1,Profit Sharing,manual_only,NO_MANUAL_ROW
SNCY,2015,Q2,Profit Sharing,manual_only,NO_MANUAL_ROW
SNCY,2015,Q3,Profit Sharing,manual_only,NO_MANUAL_ROW
SNCY,2015,Q4,Profit Sharing,manual_only,NO_MANUAL_ROW
SNCY,2016,FY,Profit Sharing,manual_only,NO_MANUAL_ROW
SNCY,2016,Q1,Profit Sharing,manual_only,NO_MANUAL_ROW
SNCY,2016,Q2,Profit Sharing,manual_only,NO_MANUAL_ROW
SNCY,2016,Q3,Profit Sharing,manual_only,NO_MANUAL_ROW
SNCY,2016,Q4,Profit Sharing,manual_only,NO_MANUAL_ROW
SNCY,2017,FY,Profit Sharing,manual_only,NO_MANUAL_ROW
SNCY,2017,Q1,Profit Sharing,manual_only,NO_MANUAL_ROW
SNCY,2017,Q2,Profit Sharing,manual_only,NO_MANUAL_ROW
SNCY,2017,Q3,Profit Sharing,manual_only,NO_MANUAL_ROW
SNCY,2017,Q4,Profit Sharing,manual_only,NO_MANUAL_ROW
SNCY,2018,FY,Profit Sharing,manual_only,NO_MANUAL_ROW
SNCY,2018,Q1,Profit Sharing,manual_only,NO_MANUAL_ROW
SNCY,2018,Q2,Profit Sharing,manual_only,NO_MANUAL_ROW
SNCY,2018,Q3,Profit Sharing,manual_only,NO_MANUAL_ROW
SNCY,2018,Q4,Profit Sharing,manual_only,NO_MANUAL_ROW
SNCY,2019,FY,Profit Sharing,manual_only,NO_MANUAL_ROW
SNCY,2019,Q1,Profit Sharing,manual_only,NO_MANUAL_ROW
SNCY,2019,Q2,Profit Sharing,manual_only,NO_MANUAL_ROW
SNCY,2019,Q3,Profit Sharing,manual_only,NO_MANUAL_ROW
SNCY,2019,Q4,Profit Sharing,manual_only,NO_MANUAL_ROW
SNCY,2020,FY,Profit Sharing,manual_only,NO_MANUAL_ROW
SNCY,2020,Q1,Profit Sharing,manual_only,NO_MANUAL_ROW
SNCY,2020,Q2,Profit Sharing,manual_only,NO_MANUAL_ROW
SNCY,2020,Q3,Profit Sharing,manual_only,NO_MANUAL_ROW
SNCY,2020,Q4,Profit Sharing,manual_only,NO_MANUAL_ROW
SNCY,2021,FY,Profit Sharing,manual_only,NO_MANUAL_ROW
SNCY,2021,Q1,Profit Sharing,manual_only,NO_MANUAL_ROW
SNCY,2021,Q2,Profit Sharing,manual_only,NO_MANUAL_ROW
SNCY,2021,Q3,Profit Sharing,manual_only,NO_MANUAL_ROW
SNCY,2021,Q4,Profit Sharing,manual_only,NO_MANUAL_ROW
SNCY,2022,FY,Profit Sharing,manual_only,NO_MANUAL_ROW
SNCY,2022,Q1,Profit Sharing,manual_only,NO_MANUAL_ROW
SNCY,2022,Q2,Profit Sharing,manual_only,NO_MANUAL_ROW
SNCY,2022,Q3,Profit Sharing,manual_only,NO_MANUAL_ROW
SNCY,2022,Q4,Profit Sharing,manual_only,NO_MANUAL_ROW
SNCY,2023,FY,Profit Sharing,manual_only,NO_MANUAL_ROW
SNCY,2023,Q1,Profit Sharing,manual_only,NO_MANUAL_ROW
SNCY,2023,Q2,Profit Sharing,manual_only,NO_MANUAL_ROW
SNCY,2023,Q3,Profit Sharing,manual_only,NO_MANUAL_ROW
SNCY,2023,Q4,Profit Sharing,manual_only,NO_MANUAL_ROW
SNCY,2024,FY,Profit Sharing,manual_only,NO_MANUAL_ROW
SNCY,2024,Q1,Profit Sharing,manual_only,NO_MANUAL_ROW
SNCY,2024,Q2,Profit Sharing,manual_only,NO_MANUAL_ROW
SNCY,2024,Q3,Profit Sharing,manual_only,NO_MANUAL_ROW
SNCY,2024,Q4,Profit Sharing,manual_only,NO_MANUAL_ROW
SNCY,2025,FY,Profit Sharing,manual_only,NO_MANUAL_ROW
SNCY,2025,Q1,Profit Sharing,manual_only,NO_MANUAL_ROW
SNCY,2025,Q2,Profit Sharing,manual_only,NO_MANUAL_ROW
SNCY,2025,Q3,Profit Sharing,manual_only,NO_MANUAL_ROW
SNCY,2025,Q4,Profit Sharing,manual_only,NO_MANUAL_ROW
SNCY,2026,Q1,Profit Sharing,manual_only,NO_MANUAL_ROW
SNCY,2014,FY,RPM,manual_only,NO_MANUAL_ROW
SNCY,2014,Q1,RPM,manual_only,NO_MANUAL_ROW
SNCY,2014,Q2,RPM,manual_only,NO_MANUAL_ROW
SNCY,2014,Q3,RPM,manual_only,NO_MANUAL_ROW
SNCY,2014,Q4,RPM,manual_only,NO_MANUAL_ROW
SNCY,2015,FY,RPM,manual_only,NO_MANUAL_ROW
SNCY,2015,Q1,RPM,manual_only,NO_MANUAL_ROW
SNCY,2015,Q2,RPM,manual_only,NO_MANUAL_ROW
SNCY,2015,Q3,RPM,manual_only,NO_MANUAL_ROW
SNCY,2015,Q4,RPM,manual_only,NO_MANUAL_ROW
SNCY,2016,FY,RPM,manual_only,NO_MANUAL_ROW
SNCY,2016,Q1,RPM,manual_only,NO_MANUAL_ROW
SNCY,2016,Q2,RPM,manual_only,NO_MANUAL_ROW
SNCY,2016,Q3,RPM,manual_only,NO_MANUAL_ROW
SNCY,2016,Q4,RPM,manual_only,NO_MANUAL_ROW
SNCY,2017,FY,RPM,manual_only,NO_MANUAL_ROW
SNCY,2017,Q1,RPM,manual_only,NO_MANUAL_ROW
SNCY,2017,Q2,RPM,manual_only,NO_MANUAL_ROW
SNCY,2017,Q3,RPM,manual_only,NO_MANUAL_ROW
SNCY,2017,Q4,RPM,manual_only,NO_MANUAL_ROW
SNCY,2018,FY,RPM,manual_only,NO_MANUAL_ROW
SNCY,2018,Q1,RPM,manual_only,NO_MANUAL_ROW
SNCY,2018,Q2,RPM,manual_only,NO_MANUAL_ROW
SNCY,2018,Q3,RPM,manual_only,NO_MANUAL_ROW
SNCY,2018,Q4,RPM,manual_only,NO_MANUAL_ROW
SNCY,2019,FY,RPM,manual_only,NO_MANUAL_ROW
SNCY,2019,Q1,RPM,manual_only,NO_MANUAL_ROW
SNCY,2019,Q2,RPM,manual_only,NO_MANUAL_ROW
SNCY,2019,Q3,RPM,manual_only,NO_MANUAL_ROW
SNCY,2019,Q4,RPM,manual_only,NO_MANUAL_ROW
SNCY,2020,FY,RPM,manual_only,NO_MANUAL_ROW
SNCY,2020,Q1,RPM,manual_only,NO_MANUAL_ROW
SNCY,2020,Q2,RPM,manual_only,NO_MANUAL_ROW
SNCY,2020,Q3,RPM,manual_only,NO_MANUAL_ROW
SNCY,2020,Q4,RPM,manual_only,NO_MANUAL_ROW
SNCY,2021,FY,RPM,manual_only,NO_MANUAL_ROW
SNCY,2021,Q1,RPM,manual_only,NO_MANUAL_ROW
SNCY,2021,Q2,RPM,manual_only,NO_MANUAL_ROW
SNCY,2021,Q3,RPM,manual_only,NO_MANUAL_ROW
SNCY,2021,Q4,RPM,manual_only,NO_MANUAL_ROW
SNCY,2022,FY,RPM,manual_only,NO_MANUAL_ROW
SNCY,2022,Q1,RPM,manual_only,NO_MANUAL_ROW
SNCY,2022,Q2,RPM,manual_only,NO_MANUAL_ROW
SNCY,2022,Q3,RPM,manual_only,NO_MANUAL_ROW
SNCY,2022,Q4,RPM,manual_only,NO_MANUAL_ROW
SNCY,2023,FY,RPM,manual_only,NO_MANUAL_ROW
SNCY,2023,Q1,RPM,manual_only,NO_MANUAL_ROW
SNCY,2023,Q2,RPM,manual_only,NO_MANUAL_ROW
SNCY,2023,Q3,RPM,manual_only,NO_MANUAL_ROW
SNCY,2023,Q4,RPM,manual_only,NO_MANUAL_ROW
SNCY,2024,FY,RPM,manual_only,NO_MANUAL_ROW
SNCY,2024,Q1,RPM,manual_only,NO_MANUAL_ROW
SNCY,2024,Q2,RPM,manual_only,NO_MANUAL_ROW
SNCY,2024,Q3,RPM,manual_only,NO_MANUAL_ROW
SNCY,2024,Q4,RPM,manual_only,NO_MANUAL_ROW
SNCY,2025,FY,RPM,manual_only,NO_MANUAL_ROW
SNCY,2025,Q1,RPM,manual_only,NO_MANUAL_ROW
SNCY,2025,Q2,RPM,manual_only,NO_MANUAL_ROW
SNCY,2025,Q3,RPM,manual_only,NO_MANUAL_ROW
SNCY,2025,Q4,RPM,manual_only,NO_MANUAL_ROW
SNCY,2026,Q1,RPM,manual_only,NO_MANUAL_ROW
SNCY,2014,FY,Short-Term Investments,auto_xbrl,NO_AUTO_ROW
SNCY,2014,Q1,Short-Term Investments,auto_xbrl,NO_AUTO_ROW
SNCY,2014,Q2,Short-Term Investments,auto_xbrl,NO_AUTO_ROW
SNCY,2014,Q3,Short-Term Investments,auto_xbrl,NO_AUTO_ROW
SNCY,2014,Q4,Short-Term Investments,auto_xbrl,NO_AUTO_ROW
SNCY,2015,FY,Short-Term Investments,auto_xbrl,NO_AUTO_ROW
SNCY,2015,Q1,Short-Term Investments,auto_xbrl,NO_AUTO_ROW
SNCY,2015,Q2,Short-Term Investments,auto_xbrl,NO_AUTO_ROW
SNCY,2015,Q3,Short-Term Investments,auto_xbrl,NO_AUTO_ROW
SNCY,2015,Q4,Short-Term Investments,auto_xbrl,NO_AUTO_ROW
SNCY,2016,FY,Short-Term Investments,auto_xbrl,NO_AUTO_ROW
SNCY,2016,Q1,Short-Term Investments,auto_xbrl,NO_AUTO_ROW
SNCY,2016,Q2,Short-Term Investments,auto_xbrl,NO_AUTO_ROW
SNCY,2016,Q3,Short-Term Investments,auto_xbrl,NO_AUTO_ROW
SNCY,2016,Q4,Short-Term Investments,auto_xbrl,NO_AUTO_ROW
SNCY,2017,FY,Short-Term Investments,auto_xbrl,NO_AUTO_ROW
SNCY,2017,Q1,Short-Term Investments,auto_xbrl,NO_AUTO_ROW
SNCY,2017,Q2,Short-Term Investments,auto_xbrl,NO_AUTO_ROW
SNCY,2017,Q3,Short-Term Investments,auto_xbrl,NO_AUTO_ROW
SNCY,2017,Q4,Short-Term Investments,auto_xbrl,NO_AUTO_ROW
SNCY,2018,FY,Short-Term Investments,auto_xbrl,NO_AUTO_VALUE
SNCY,2018,Q1,Short-Term Investments,auto_xbrl,NO_AUTO_ROW
SNCY,2018,Q2,Short-Term Investments,auto_xbrl,NO_AUTO_ROW
SNCY,2018,Q3,Short-Term Investments,auto_xbrl,NO_AUTO_ROW
SNCY,2018,Q4,Short-Term Investments,auto_xbrl,NO_AUTO_VALUE
SNCY,2019,FY,Short-Term Investments,auto_xbrl,NO_AUTO_VALUE
SNCY,2019,Q1,Short-Term Investments,auto_xbrl,NO_AUTO_VALUE
SNCY,2019,Q2,Short-Term Investments,auto_xbrl,NO_AUTO_VALUE
SNCY,2019,Q3,Short-Term Investments,auto_xbrl,NO_AUTO_VALUE
SNCY,2019,Q4,Short-Term Investments,auto_xbrl,NO_AUTO_VALUE
ULCC,2014,FY,ASM,manual_only,NO_MANUAL_ROW
ULCC,2014,Q1,ASM,manual_only,NO_MANUAL_ROW
ULCC,2014,Q2,ASM,manual_only,NO_MANUAL_ROW
ULCC,2014,Q3,ASM,manual_only,NO_MANUAL_ROW
ULCC,2014,Q4,ASM,manual_only,NO_MANUAL_ROW
ULCC,2015,FY,ASM,manual_only,NO_MANUAL_ROW
ULCC,2015,Q1,ASM,manual_only,NO_MANUAL_ROW
ULCC,2015,Q2,ASM,manual_only,NO_MANUAL_ROW
ULCC,2015,Q3,ASM,manual_only,NO_MANUAL_ROW
ULCC,2015,Q4,ASM,manual_only,NO_MANUAL_ROW
ULCC,2016,FY,ASM,manual_only,NO_MANUAL_ROW
ULCC,2016,Q1,ASM,manual_only,NO_MANUAL_ROW
ULCC,2016,Q2,ASM,manual_only,NO_MANUAL_ROW
ULCC,2016,Q3,ASM,manual_only,NO_MANUAL_ROW
ULCC,2016,Q4,ASM,manual_only,NO_MANUAL_ROW
ULCC,2017,FY,ASM,manual_only,NO_MANUAL_ROW
ULCC,2017,Q1,ASM,manual_only,NO_MANUAL_ROW
ULCC,2017,Q2,ASM,manual_only,NO_MANUAL_ROW
ULCC,2017,Q3,ASM,manual_only,NO_MANUAL_ROW
ULCC,2017,Q4,ASM,manual_only,NO_MANUAL_ROW
ULCC,2018,FY,ASM,manual_only,NO_MANUAL_ROW
ULCC,2018,Q1,ASM,manual_only,NO_MANUAL_ROW
ULCC,2018,Q2,ASM,manual_only,NO_MANUAL_ROW
ULCC,2018,Q3,ASM,manual_only,NO_MANUAL_ROW
ULCC,2018,Q4,ASM,manual_only,NO_MANUAL_ROW
ULCC,2019,FY,ASM,manual_only,NO_MANUAL_ROW
ULCC,2019,Q1,ASM,manual_only,NO_MANUAL_ROW
ULCC,2019,Q2,ASM,manual_only,NO_MANUAL_ROW
ULCC,2019,Q3,ASM,manual_only,NO_MANUAL_ROW
ULCC,2019,Q4,ASM,manual_only,NO_MANUAL_ROW
ULCC,2020,FY,ASM,manual_only,NO_MANUAL_ROW
ULCC,2020,Q1,ASM,manual_only,NO_MANUAL_ROW
ULCC,2020,Q2,ASM,manual_only,NO_MANUAL_ROW
ULCC,2020,Q3,ASM,manual_only,NO_MANUAL_ROW
ULCC,2020,Q4,ASM,manual_only,NO_MANUAL_ROW
ULCC,2021,FY,ASM,manual_only,NO_MANUAL_ROW
ULCC,2021,Q1,ASM,manual_only,NO_MANUAL_ROW
ULCC,2021,Q2,ASM,manual_only,NO_MANUAL_ROW
ULCC,2021,Q3,ASM,manual_only,NO_MANUAL_ROW
ULCC,2021,Q4,ASM,manual_only,NO_MANUAL_ROW
ULCC,2022,FY,ASM,manual_only,NO_MANUAL_ROW
ULCC,2022,Q1,ASM,manual_only,NO_MANUAL_ROW
ULCC,2022,Q2,ASM,manual_only,NO_MANUAL_ROW
ULCC,2022,Q3,ASM,manual_only,NO_MANUAL_ROW
ULCC,2022,Q4,ASM,manual_only,NO_MANUAL_ROW
ULCC,2023,FY,ASM,manual_only,NO_MANUAL_ROW
ULCC,2023,Q1,ASM,manual_only,NO_MANUAL_ROW
ULCC,2023,Q2,ASM,manual_only,NO_MANUAL_ROW
ULCC,2023,Q3,ASM,manual_only,NO_MANUAL_ROW
ULCC,2023,Q4,ASM,manual_only,NO_MANUAL_ROW
ULCC,2024,FY,ASM,manual_only,NO_MANUAL_ROW
ULCC,2024,Q1,ASM,manual_only,NO_MANUAL_ROW
ULCC,2024,Q2,ASM,manual_only,NO_MANUAL_ROW
ULCC,2024,Q3,ASM,manual_only,NO_MANUAL_ROW
ULCC,2024,Q4,ASM,manual_only,NO_MANUAL_ROW
ULCC,2025,FY,ASM,manual_only,NO_MANUAL_ROW
ULCC,2025,Q1,ASM,manual_only,NO_MANUAL_ROW
ULCC,2025,Q2,ASM,manual_only,NO_MANUAL_ROW
ULCC,2025,Q3,ASM,manual_only,NO_MANUAL_ROW
ULCC,2025,Q4,ASM,manual_only,NO_MANUAL_ROW
ULCC,2026,Q1,ASM,manual_only,NO_MANUAL_ROW
ULCC,2014,FY,Capital Expenditures,auto_xbrl,NO_AUTO_ROW
ULCC,2014,Q1,Capital Expenditures,auto_xbrl,NO_AUTO_ROW
ULCC,2014,Q2,Capital Expenditures,auto_xbrl,NO_AUTO_ROW
ULCC,2014,Q3,Capital Expenditures,auto_xbrl,NO_AUTO_ROW
ULCC,2014,Q4,Capital Expenditures,auto_xbrl,NO_AUTO_ROW
ULCC,2015,FY,Capital Expenditures,auto_xbrl,NO_AUTO_ROW
ULCC,2015,Q1,Capital Expenditures,auto_xbrl,NO_AUTO_ROW
ULCC,2015,Q2,Capital Expenditures,auto_xbrl,NO_AUTO_ROW
ULCC,2015,Q3,Capital Expenditures,auto_xbrl,NO_AUTO_ROW
ULCC,2015,Q4,Capital Expenditures,auto_xbrl,NO_AUTO_ROW
ULCC,2016,FY,Capital Expenditures,auto_xbrl,NO_AUTO_ROW
ULCC,2016,Q1,Capital Expenditures,auto_xbrl,NO_AUTO_ROW
ULCC,2016,Q2,Capital Expenditures,auto_xbrl,NO_AUTO_ROW
ULCC,2016,Q3,Capital Expenditures,auto_xbrl,NO_AUTO_ROW
ULCC,2016,Q4,Capital Expenditures,auto_xbrl,NO_AUTO_ROW
ULCC,2017,FY,Capital Expenditures,auto_xbrl,NO_AUTO_ROW
ULCC,2017,Q1,Capital Expenditures,auto_xbrl,NO_AUTO_ROW
ULCC,2017,Q2,Capital Expenditures,auto_xbrl,NO_AUTO_ROW
ULCC,2017,Q3,Capital Expenditures,auto_xbrl,NO_AUTO_ROW
ULCC,2017,Q4,Capital Expenditures,auto_xbrl,NO_AUTO_ROW
ULCC,2018,FY,Capital Expenditures,auto_xbrl,NO_AUTO_VALUE
ULCC,2018,Q1,Capital Expenditures,auto_xbrl,NO_AUTO_ROW
ULCC,2018,Q2,Capital Expenditures,auto_xbrl,NO_AUTO_ROW
ULCC,2018,Q3,Capital Expenditures,auto_xbrl,NO_AUTO_ROW
ULCC,2018,Q4,Capital Expenditures,auto_xbrl,NO_AUTO_VALUE
ULCC,2019,Q1,Capital Expenditures,auto_xbrl,NO_AUTO_VALUE
ULCC,2019,Q2,Capital Expenditures,auto_xbrl,NO_AUTO_VALUE
ULCC,2019,Q3,Capital Expenditures,auto_xbrl,NO_AUTO_VALUE
ULCC,2019,Q4,Capital Expenditures,auto_xbrl,NO_AUTO_VALUE
ULCC,2014,FY,Cash & Cash Equivalents,auto_xbrl,NO_AUTO_ROW
ULCC,2014,Q1,Cash & Cash Equivalents,auto_xbrl,NO_AUTO_ROW
ULCC,2014,Q2,Cash & Cash Equivalents,auto_xbrl,NO_AUTO_ROW
ULCC,2014,Q3,Cash & Cash Equivalents,auto_xbrl,NO_AUTO_ROW
ULCC,2014,Q4,Cash & Cash Equivalents,auto_xbrl,NO_AUTO_ROW
ULCC,2015,FY,Cash & Cash Equivalents,auto_xbrl,NO_AUTO_ROW
ULCC,2015,Q1,Cash & Cash Equivalents,auto_xbrl,NO_AUTO_ROW
ULCC,2015,Q2,Cash & Cash Equivalents,auto_xbrl,NO_AUTO_ROW
ULCC,2015,Q3,Cash & Cash Equivalents,auto_xbrl,NO_AUTO_ROW
ULCC,2015,Q4,Cash & Cash Equivalents,auto_xbrl,NO_AUTO_ROW
ULCC,2016,FY,Cash & Cash Equivalents,auto_xbrl,NO_AUTO_ROW
ULCC,2016,Q1,Cash & Cash Equivalents,auto_xbrl,NO_AUTO_ROW
ULCC,2016,Q2,Cash & Cash Equivalents,auto_xbrl,NO_AUTO_ROW
ULCC,2016,Q3,Cash & Cash Equivalents,auto_xbrl,NO_AUTO_ROW
ULCC,2016,Q4,Cash & Cash Equivalents,auto_xbrl,NO_AUTO_ROW
ULCC,2017,FY,Cash & Cash Equivalents,auto_xbrl,NO_AUTO_ROW
ULCC,2017,Q1,Cash & Cash Equivalents,auto_xbrl,NO_AUTO_ROW
ULCC,2017,Q2,Cash & Cash Equivalents,auto_xbrl,NO_AUTO_ROW
ULCC,2017,Q3,Cash & Cash Equivalents,auto_xbrl,NO_AUTO_ROW
ULCC,2017,Q4,Cash & Cash Equivalents,auto_xbrl,NO_AUTO_ROW
ULCC,2018,Q1,Cash & Cash Equivalents,auto_xbrl,NO_AUTO_ROW
ULCC,2018,Q2,Cash & Cash Equivalents,auto_xbrl,NO_AUTO_ROW
ULCC,2018,Q3,Cash & Cash Equivalents,auto_xbrl,NO_AUTO_ROW
ULCC,2014,FY,Current Maturities,auto_xbrl,NO_AUTO_ROW
ULCC,2014,Q1,Current Maturities,auto_xbrl,NO_AUTO_ROW
ULCC,2014,Q2,Current Maturities,auto_xbrl,NO_AUTO_ROW
ULCC,2014,Q3,Current Maturities,auto_xbrl,NO_AUTO_ROW
ULCC,2014,Q4,Current Maturities,auto_xbrl,NO_AUTO_ROW
ULCC,2015,FY,Current Maturities,auto_xbrl,NO_AUTO_ROW
ULCC,2015,Q1,Current Maturities,auto_xbrl,NO_AUTO_ROW
ULCC,2015,Q2,Current Maturities,auto_xbrl,NO_AUTO_ROW
ULCC,2015,Q3,Current Maturities,auto_xbrl,NO_AUTO_ROW
ULCC,2015,Q4,Current Maturities,auto_xbrl,NO_AUTO_ROW
ULCC,2016,FY,Current Maturities,auto_xbrl,NO_AUTO_ROW
ULCC,2016,Q1,Current Maturities,auto_xbrl,NO_AUTO_ROW
ULCC,2016,Q2,Current Maturities,auto_xbrl,NO_AUTO_ROW
ULCC,2016,Q3,Current Maturities,auto_xbrl,NO_AUTO_ROW
ULCC,2016,Q4,Current Maturities,auto_xbrl,NO_AUTO_ROW
ULCC,2017,FY,Current Maturities,auto_xbrl,NO_AUTO_ROW
ULCC,2017,Q1,Current Maturities,auto_xbrl,NO_AUTO_ROW
ULCC,2017,Q2,Current Maturities,auto_xbrl,NO_AUTO_ROW
ULCC,2017,Q3,Current Maturities,auto_xbrl,NO_AUTO_ROW
ULCC,2017,Q4,Current Maturities,auto_xbrl,NO_AUTO_ROW
ULCC,2018,FY,Current Maturities,auto_xbrl,NO_AUTO_VALUE
ULCC,2018,Q1,Current Maturities,auto_xbrl,NO_AUTO_ROW
ULCC,2018,Q2,Current Maturities,auto_xbrl,NO_AUTO_ROW
ULCC,2018,Q3,Current Maturities,auto_xbrl,NO_AUTO_ROW
ULCC,2018,Q4,Current Maturities,auto_xbrl,NO_AUTO_VALUE
ULCC,2019,FY,Current Maturities,auto_xbrl,NO_AUTO_VALUE
ULCC,2019,Q1,Current Maturities,auto_xbrl,NO_AUTO_VALUE
ULCC,2019,Q2,Current Maturities,auto_xbrl,NO_AUTO_VALUE
ULCC,2019,Q3,Current Maturities,auto_xbrl,NO_AUTO_VALUE
ULCC,2019,Q4,Current Maturities,auto_xbrl,NO_AUTO_VALUE
ULCC,2014,FY,Earnings Per Share,auto_xbrl,NO_AUTO_ROW
ULCC,2014,Q1,Earnings Per Share,auto_xbrl,NO_AUTO_ROW
ULCC,2014,Q2,Earnings Per Share,auto_xbrl,NO_AUTO_ROW
ULCC,2014,Q3,Earnings Per Share,auto_xbrl,NO_AUTO_ROW
ULCC,2014,Q4,Earnings Per Share,auto_xbrl,NO_AUTO_ROW
ULCC,2015,FY,Earnings Per Share,auto_xbrl,NO_AUTO_ROW
ULCC,2015,Q1,Earnings Per Share,auto_xbrl,NO_AUTO_ROW
ULCC,2015,Q2,Earnings Per Share,auto_xbrl,NO_AUTO_ROW
ULCC,2015,Q3,Earnings Per Share,auto_xbrl,NO_AUTO_ROW
ULCC,2015,Q4,Earnings Per Share,auto_xbrl,NO_AUTO_ROW
ULCC,2016,FY,Earnings Per Share,auto_xbrl,NO_AUTO_ROW
ULCC,2016,Q1,Earnings Per Share,auto_xbrl,NO_AUTO_ROW
ULCC,2016,Q2,Earnings Per Share,auto_xbrl,NO_AUTO_ROW
ULCC,2016,Q3,Earnings Per Share,auto_xbrl,NO_AUTO_ROW
ULCC,2016,Q4,Earnings Per Share,auto_xbrl,NO_AUTO_ROW
ULCC,2017,FY,Earnings Per Share,auto_xbrl,NO_AUTO_ROW
ULCC,2017,Q1,Earnings Per Share,auto_xbrl,NO_AUTO_ROW
ULCC,2017,Q2,Earnings Per Share,auto_xbrl,NO_AUTO_ROW
ULCC,2017,Q3,Earnings Per Share,auto_xbrl,NO_AUTO_ROW
ULCC,2017,Q4,Earnings Per Share,auto_xbrl,NO_AUTO_ROW
ULCC,2018,FY,Earnings Per Share,auto_xbrl,NO_AUTO_VALUE
ULCC,2018,Q1,Earnings Per Share,auto_xbrl,NO_AUTO_ROW
ULCC,2018,Q2,Earnings Per Share,auto_xbrl,NO_AUTO_ROW
ULCC,2018,Q3,Earnings Per Share,auto_xbrl,NO_AUTO_ROW
ULCC,2018,Q4,Earnings Per Share,auto_xbrl,NO_AUTO_VALUE
ULCC,2019,Q1,Earnings Per Share,auto_xbrl,NO_AUTO_VALUE
ULCC,2019,Q2,Earnings Per Share,auto_xbrl,NO_AUTO_VALUE
ULCC,2019,Q3,Earnings Per Share,auto_xbrl,NO_AUTO_VALUE
ULCC,2019,Q4,Earnings Per Share,auto_xbrl,NO_AUTO_VALUE
ULCC,2014,FY,Long-Term Debt,auto_xbrl,NO_AUTO_ROW
ULCC,2014,Q1,Long-Term Debt,auto_xbrl,NO_AUTO_ROW
ULCC,2014,Q2,Long-Term Debt,auto_xbrl,NO_AUTO_ROW
ULCC,2014,Q3,Long-Term Debt,auto_xbrl,NO_AUTO_ROW
ULCC,2014,Q4,Long-Term Debt,auto_xbrl,NO_AUTO_ROW
ULCC,2015,FY,Long-Term Debt,auto_xbrl,NO_AUTO_ROW
ULCC,2015,Q1,Long-Term Debt,auto_xbrl,NO_AUTO_ROW
ULCC,2015,Q2,Long-Term Debt,auto_xbrl,NO_AUTO_ROW
ULCC,2015,Q3,Long-Term Debt,auto_xbrl,NO_AUTO_ROW
ULCC,2015,Q4,Long-Term Debt,auto_xbrl,NO_AUTO_ROW
ULCC,2016,FY,Long-Term Debt,auto_xbrl,NO_AUTO_ROW
ULCC,2016,Q1,Long-Term Debt,auto_xbrl,NO_AUTO_ROW
ULCC,2016,Q2,Long-Term Debt,auto_xbrl,NO_AUTO_ROW
ULCC,2016,Q3,Long-Term Debt,auto_xbrl,NO_AUTO_ROW
ULCC,2016,Q4,Long-Term Debt,auto_xbrl,NO_AUTO_ROW
ULCC,2017,FY,Long-Term Debt,auto_xbrl,NO_AUTO_ROW
ULCC,2017,Q1,Long-Term Debt,auto_xbrl,NO_AUTO_ROW
ULCC,2017,Q2,Long-Term Debt,auto_xbrl,NO_AUTO_ROW
ULCC,2017,Q3,Long-Term Debt,auto_xbrl,NO_AUTO_ROW
ULCC,2017,Q4,Long-Term Debt,auto_xbrl,NO_AUTO_ROW
ULCC,2018,FY,Long-Term Debt,auto_xbrl,NO_AUTO_VALUE
ULCC,2018,Q1,Long-Term Debt,auto_xbrl,NO_AUTO_ROW
ULCC,2018,Q2,Long-Term Debt,auto_xbrl,NO_AUTO_ROW
ULCC,2018,Q3,Long-Term Debt,auto_xbrl,NO_AUTO_ROW
ULCC,2018,Q4,Long-Term Debt,auto_xbrl,NO_AUTO_VALUE
ULCC,2019,FY,Long-Term Debt,auto_xbrl,NO_AUTO_VALUE
ULCC,2019,Q1,Long-Term Debt,auto_xbrl,NO_AUTO_VALUE
ULCC,2019,Q2,Long-Term Debt,auto_xbrl,NO_AUTO_VALUE
ULCC,2019,Q3,Long-Term Debt,auto_xbrl,NO_AUTO_VALUE
ULCC,2019,Q4,Long-Term Debt,auto_xbrl,NO_AUTO_VALUE
ULCC,2014,FY,Net Income,auto_xbrl,NO_AUTO_ROW
ULCC,2014,Q1,Net Income,auto_xbrl,NO_AUTO_ROW
ULCC,2014,Q2,Net Income,auto_xbrl,NO_AUTO_ROW
ULCC,2014,Q3,Net Income,auto_xbrl,NO_AUTO_ROW
ULCC,2014,Q4,Net Income,auto_xbrl,NO_AUTO_ROW
ULCC,2015,FY,Net Income,auto_xbrl,NO_AUTO_ROW
ULCC,2015,Q1,Net Income,auto_xbrl,NO_AUTO_ROW
ULCC,2015,Q2,Net Income,auto_xbrl,NO_AUTO_ROW
ULCC,2015,Q3,Net Income,auto_xbrl,NO_AUTO_ROW
ULCC,2015,Q4,Net Income,auto_xbrl,NO_AUTO_ROW
ULCC,2016,FY,Net Income,auto_xbrl,NO_AUTO_ROW
ULCC,2016,Q1,Net Income,auto_xbrl,NO_AUTO_ROW
ULCC,2016,Q2,Net Income,auto_xbrl,NO_AUTO_ROW
ULCC,2016,Q3,Net Income,auto_xbrl,NO_AUTO_ROW
ULCC,2016,Q4,Net Income,auto_xbrl,NO_AUTO_ROW
ULCC,2017,FY,Net Income,auto_xbrl,NO_AUTO_ROW
ULCC,2017,Q1,Net Income,auto_xbrl,NO_AUTO_ROW
ULCC,2017,Q2,Net Income,auto_xbrl,NO_AUTO_ROW
ULCC,2017,Q3,Net Income,auto_xbrl,NO_AUTO_ROW
ULCC,2017,Q4,Net Income,auto_xbrl,NO_AUTO_ROW
ULCC,2018,FY,Net Income,auto_xbrl,NO_AUTO_VALUE
ULCC,2018,Q1,Net Income,auto_xbrl,NO_AUTO_ROW
ULCC,2018,Q2,Net Income,auto_xbrl,NO_AUTO_ROW
ULCC,2018,Q3,Net Income,auto_xbrl,NO_AUTO_ROW
ULCC,2018,Q4,Net Income,auto_xbrl,NO_AUTO_VALUE
ULCC,2019,Q1,Net Income,auto_xbrl,NO_AUTO_VALUE
ULCC,2019,Q2,Net Income,auto_xbrl,NO_AUTO_VALUE
ULCC,2019,Q3,Net Income,auto_xbrl,NO_AUTO_VALUE
ULCC,2019,Q4,Net Income,auto_xbrl,NO_AUTO_VALUE
ULCC,2014,FY,Operating Cash Flow,auto_xbrl,NO_AUTO_ROW
ULCC,2014,Q1,Operating Cash Flow,auto_xbrl,NO_AUTO_ROW
ULCC,2014,Q2,Operating Cash Flow,auto_xbrl,NO_AUTO_ROW
ULCC,2014,Q3,Operating Cash Flow,auto_xbrl,NO_AUTO_ROW
ULCC,2014,Q4,Operating Cash Flow,auto_xbrl,NO_AUTO_ROW
ULCC,2015,FY,Operating Cash Flow,auto_xbrl,NO_AUTO_ROW
ULCC,2015,Q1,Operating Cash Flow,auto_xbrl,NO_AUTO_ROW
ULCC,2015,Q2,Operating Cash Flow,auto_xbrl,NO_AUTO_ROW
ULCC,2015,Q3,Operating Cash Flow,auto_xbrl,NO_AUTO_ROW
ULCC,2015,Q4,Operating Cash Flow,auto_xbrl,NO_AUTO_ROW
ULCC,2016,FY,Operating Cash Flow,auto_xbrl,NO_AUTO_ROW
ULCC,2016,Q1,Operating Cash Flow,auto_xbrl,NO_AUTO_ROW
ULCC,2016,Q2,Operating Cash Flow,auto_xbrl,NO_AUTO_ROW
ULCC,2016,Q3,Operating Cash Flow,auto_xbrl,NO_AUTO_ROW
ULCC,2016,Q4,Operating Cash Flow,auto_xbrl,NO_AUTO_ROW
ULCC,2017,FY,Operating Cash Flow,auto_xbrl,NO_AUTO_ROW
ULCC,2017,Q1,Operating Cash Flow,auto_xbrl,NO_AUTO_ROW
ULCC,2017,Q2,Operating Cash Flow,auto_xbrl,NO_AUTO_ROW
ULCC,2017,Q3,Operating Cash Flow,auto_xbrl,NO_AUTO_ROW
ULCC,2017,Q4,Operating Cash Flow,auto_xbrl,NO_AUTO_ROW
ULCC,2018,FY,Operating Cash Flow,auto_xbrl,NO_AUTO_VALUE
ULCC,2018,Q1,Operating Cash Flow,auto_xbrl,NO_AUTO_ROW
ULCC,2018,Q2,Operating Cash Flow,auto_xbrl,NO_AUTO_ROW
ULCC,2018,Q3,Operating Cash Flow,auto_xbrl,NO_AUTO_ROW
ULCC,2018,Q4,Operating Cash Flow,auto_xbrl,NO_AUTO_VALUE
ULCC,2019,Q1,Operating Cash Flow,auto_xbrl,NO_AUTO_VALUE
ULCC,2019,Q2,Operating Cash Flow,auto_xbrl,NO_AUTO_VALUE
ULCC,2019,Q3,Operating Cash Flow,auto_xbrl,NO_AUTO_VALUE
ULCC,2019,Q4,Operating Cash Flow,auto_xbrl,NO_AUTO_VALUE
ULCC,2014,FY,Operating Expenses,auto_xbrl,NO_AUTO_ROW
ULCC,2014,Q1,Operating Expenses,auto_xbrl,NO_AUTO_ROW
ULCC,2014,Q2,Operating Expenses,auto_xbrl,NO_AUTO_ROW
ULCC,2014,Q3,Operating Expenses,auto_xbrl,NO_AUTO_ROW
ULCC,2014,Q4,Operating Expenses,auto_xbrl,NO_AUTO_ROW
ULCC,2015,FY,Operating Expenses,auto_xbrl,NO_AUTO_ROW
ULCC,2015,Q1,Operating Expenses,auto_xbrl,NO_AUTO_ROW
ULCC,2015,Q2,Operating Expenses,auto_xbrl,NO_AUTO_ROW
ULCC,2015,Q3,Operating Expenses,auto_xbrl,NO_AUTO_ROW
ULCC,2015,Q4,Operating Expenses,auto_xbrl,NO_AUTO_ROW
ULCC,2016,FY,Operating Expenses,auto_xbrl,NO_AUTO_ROW
ULCC,2016,Q1,Operating Expenses,auto_xbrl,NO_AUTO_ROW
ULCC,2016,Q2,Operating Expenses,auto_xbrl,NO_AUTO_ROW
ULCC,2016,Q3,Operating Expenses,auto_xbrl,NO_AUTO_ROW
ULCC,2016,Q4,Operating Expenses,auto_xbrl,NO_AUTO_ROW
ULCC,2017,FY,Operating Expenses,auto_xbrl,NO_AUTO_ROW
ULCC,2017,Q1,Operating Expenses,auto_xbrl,NO_AUTO_ROW
ULCC,2017,Q2,Operating Expenses,auto_xbrl,NO_AUTO_ROW
ULCC,2017,Q3,Operating Expenses,auto_xbrl,NO_AUTO_ROW
ULCC,2017,Q4,Operating Expenses,auto_xbrl,NO_AUTO_ROW
ULCC,2018,FY,Operating Expenses,auto_xbrl,NO_AUTO_VALUE
ULCC,2018,Q1,Operating Expenses,auto_xbrl,NO_AUTO_ROW
ULCC,2018,Q2,Operating Expenses,auto_xbrl,NO_AUTO_ROW
ULCC,2018,Q3,Operating Expenses,auto_xbrl,NO_AUTO_ROW
ULCC,2018,Q4,Operating Expenses,auto_xbrl,NO_AUTO_VALUE
ULCC,2019,Q1,Operating Expenses,auto_xbrl,NO_AUTO_VALUE
ULCC,2019,Q2,Operating Expenses,auto_xbrl,NO_AUTO_VALUE
ULCC,2019,Q3,Operating Expenses,auto_xbrl,NO_AUTO_VALUE
ULCC,2019,Q4,Operating Expenses,auto_xbrl,NO_AUTO_VALUE
ULCC,2014,FY,Operating Income,auto_xbrl,NO_AUTO_ROW
ULCC,2014,Q1,Operating Income,auto_xbrl,NO_AUTO_ROW
ULCC,2014,Q2,Operating Income,auto_xbrl,NO_AUTO_ROW
ULCC,2014,Q3,Operating Income,auto_xbrl,NO_AUTO_ROW
ULCC,2014,Q4,Operating Income,auto_xbrl,NO_AUTO_ROW
ULCC,2015,FY,Operating Income,auto_xbrl,NO_AUTO_ROW
ULCC,2015,Q1,Operating Income,auto_xbrl,NO_AUTO_ROW
ULCC,2015,Q2,Operating Income,auto_xbrl,NO_AUTO_ROW
ULCC,2015,Q3,Operating Income,auto_xbrl,NO_AUTO_ROW
ULCC,2015,Q4,Operating Income,auto_xbrl,NO_AUTO_ROW
ULCC,2016,FY,Operating Income,auto_xbrl,NO_AUTO_ROW
ULCC,2016,Q1,Operating Income,auto_xbrl,NO_AUTO_ROW
ULCC,2016,Q2,Operating Income,auto_xbrl,NO_AUTO_ROW
ULCC,2016,Q3,Operating Income,auto_xbrl,NO_AUTO_ROW
ULCC,2016,Q4,Operating Income,auto_xbrl,NO_AUTO_ROW
ULCC,2017,FY,Operating Income,auto_xbrl,NO_AUTO_ROW
ULCC,2017,Q1,Operating Income,auto_xbrl,NO_AUTO_ROW
ULCC,2017,Q2,Operating Income,auto_xbrl,NO_AUTO_ROW
ULCC,2017,Q3,Operating Income,auto_xbrl,NO_AUTO_ROW
ULCC,2017,Q4,Operating Income,auto_xbrl,NO_AUTO_ROW
ULCC,2018,FY,Operating Income,auto_xbrl,NO_AUTO_VALUE
ULCC,2018,Q1,Operating Income,auto_xbrl,NO_AUTO_ROW
ULCC,2018,Q2,Operating Income,auto_xbrl,NO_AUTO_ROW
ULCC,2018,Q3,Operating Income,auto_xbrl,NO_AUTO_ROW
ULCC,2018,Q4,Operating Income,auto_xbrl,NO_AUTO_VALUE
ULCC,2019,Q1,Operating Income,auto_xbrl,NO_AUTO_VALUE
ULCC,2019,Q2,Operating Income,auto_xbrl,NO_AUTO_VALUE
ULCC,2019,Q3,Operating Income,auto_xbrl,NO_AUTO_VALUE
ULCC,2019,Q4,Operating Income,auto_xbrl,NO_AUTO_VALUE
ULCC,2014,FY,Operating Revenue,auto_xbrl,NO_AUTO_ROW
ULCC,2014,Q1,Operating Revenue,auto_xbrl,NO_AUTO_ROW
ULCC,2014,Q2,Operating Revenue,auto_xbrl,NO_AUTO_ROW
ULCC,2014,Q3,Operating Revenue,auto_xbrl,NO_AUTO_ROW
ULCC,2014,Q4,Operating Revenue,auto_xbrl,NO_AUTO_ROW
ULCC,2015,FY,Operating Revenue,auto_xbrl,NO_AUTO_ROW
ULCC,2015,Q1,Operating Revenue,auto_xbrl,NO_AUTO_ROW
ULCC,2015,Q2,Operating Revenue,auto_xbrl,NO_AUTO_ROW
ULCC,2015,Q3,Operating Revenue,auto_xbrl,NO_AUTO_ROW
ULCC,2015,Q4,Operating Revenue,auto_xbrl,NO_AUTO_ROW
ULCC,2016,FY,Operating Revenue,auto_xbrl,NO_AUTO_ROW
ULCC,2016,Q1,Operating Revenue,auto_xbrl,NO_AUTO_ROW
ULCC,2016,Q2,Operating Revenue,auto_xbrl,NO_AUTO_ROW
ULCC,2016,Q3,Operating Revenue,auto_xbrl,NO_AUTO_ROW
ULCC,2016,Q4,Operating Revenue,auto_xbrl,NO_AUTO_ROW
ULCC,2017,FY,Operating Revenue,auto_xbrl,NO_AUTO_ROW
ULCC,2017,Q1,Operating Revenue,auto_xbrl,NO_AUTO_ROW
ULCC,2017,Q2,Operating Revenue,auto_xbrl,NO_AUTO_ROW
ULCC,2017,Q3,Operating Revenue,auto_xbrl,NO_AUTO_ROW
ULCC,2017,Q4,Operating Revenue,auto_xbrl,NO_AUTO_ROW
ULCC,2018,FY,Operating Revenue,auto_xbrl,NO_AUTO_VALUE
ULCC,2018,Q1,Operating Revenue,auto_xbrl,NO_AUTO_ROW
ULCC,2018,Q2,Operating Revenue,auto_xbrl,NO_AUTO_ROW
ULCC,2018,Q3,Operating Revenue,auto_xbrl,NO_AUTO_ROW
ULCC,2018,Q4,Operating Revenue,auto_xbrl,NO_AUTO_VALUE
ULCC,2019,Q1,Operating Revenue,auto_xbrl,NO_AUTO_VALUE
ULCC,2019,Q2,Operating Revenue,auto_xbrl,NO_AUTO_VALUE
ULCC,2019,Q3,Operating Revenue,auto_xbrl,NO_AUTO_VALUE
ULCC,2019,Q4,Operating Revenue,auto_xbrl,NO_AUTO_VALUE
ULCC,2014,FY,Passenger Revenue,manual_only,NO_MANUAL_ROW
ULCC,2014,Q1,Passenger Revenue,manual_only,NO_MANUAL_ROW
ULCC,2014,Q2,Passenger Revenue,manual_only,NO_MANUAL_ROW
ULCC,2014,Q3,Passenger Revenue,manual_only,NO_MANUAL_ROW
ULCC,2014,Q4,Passenger Revenue,manual_only,NO_MANUAL_ROW
ULCC,2015,FY,Passenger Revenue,manual_only,NO_MANUAL_ROW
ULCC,2015,Q1,Passenger Revenue,manual_only,NO_MANUAL_ROW
ULCC,2015,Q2,Passenger Revenue,manual_only,NO_MANUAL_ROW
ULCC,2015,Q3,Passenger Revenue,manual_only,NO_MANUAL_ROW
ULCC,2015,Q4,Passenger Revenue,manual_only,NO_MANUAL_ROW
ULCC,2016,FY,Passenger Revenue,manual_only,NO_MANUAL_ROW
ULCC,2016,Q1,Passenger Revenue,manual_only,NO_MANUAL_ROW
ULCC,2016,Q2,Passenger Revenue,manual_only,NO_MANUAL_ROW
ULCC,2016,Q3,Passenger Revenue,manual_only,NO_MANUAL_ROW
ULCC,2016,Q4,Passenger Revenue,manual_only,NO_MANUAL_ROW
ULCC,2017,FY,Passenger Revenue,manual_only,NO_MANUAL_ROW
ULCC,2017,Q1,Passenger Revenue,manual_only,NO_MANUAL_ROW
ULCC,2017,Q2,Passenger Revenue,manual_only,NO_MANUAL_ROW
ULCC,2017,Q3,Passenger Revenue,manual_only,NO_MANUAL_ROW
ULCC,2017,Q4,Passenger Revenue,manual_only,NO_MANUAL_ROW
ULCC,2018,FY,Passenger Revenue,manual_only,NO_MANUAL_ROW
ULCC,2018,Q1,Passenger Revenue,manual_only,NO_MANUAL_ROW
ULCC,2018,Q2,Passenger Revenue,manual_only,NO_MANUAL_ROW
ULCC,2018,Q3,Passenger Revenue,manual_only,NO_MANUAL_ROW
ULCC,2018,Q4,Passenger Revenue,manual_only,NO_MANUAL_ROW
ULCC,2019,FY,Passenger Revenue,manual_only,NO_MANUAL_ROW
ULCC,2019,Q1,Passenger Revenue,manual_only,NO_MANUAL_ROW
ULCC,2019,Q2,Passenger Revenue,manual_only,NO_MANUAL_ROW
ULCC,2019,Q3,Passenger Revenue,manual_only,NO_MANUAL_ROW
ULCC,2019,Q4,Passenger Revenue,manual_only,NO_MANUAL_ROW
ULCC,2020,FY,Passenger Revenue,manual_only,NO_MANUAL_ROW
ULCC,2020,Q1,Passenger Revenue,manual_only,NO_MANUAL_ROW
ULCC,2020,Q2,Passenger Revenue,manual_only,NO_MANUAL_ROW
ULCC,2020,Q3,Passenger Revenue,manual_only,NO_MANUAL_ROW
ULCC,2020,Q4,Passenger Revenue,manual_only,NO_MANUAL_ROW
ULCC,2021,FY,Passenger Revenue,manual_only,NO_MANUAL_ROW
ULCC,2021,Q1,Passenger Revenue,manual_only,NO_MANUAL_ROW
ULCC,2021,Q2,Passenger Revenue,manual_only,NO_MANUAL_ROW
ULCC,2021,Q3,Passenger Revenue,manual_only,NO_MANUAL_ROW
ULCC,2021,Q4,Passenger Revenue,manual_only,NO_MANUAL_ROW
ULCC,2022,FY,Passenger Revenue,manual_only,NO_MANUAL_ROW
ULCC,2022,Q1,Passenger Revenue,manual_only,NO_MANUAL_ROW
ULCC,2022,Q2,Passenger Revenue,manual_only,NO_MANUAL_ROW
ULCC,2022,Q3,Passenger Revenue,manual_only,NO_MANUAL_ROW
ULCC,2022,Q4,Passenger Revenue,manual_only,NO_MANUAL_ROW
ULCC,2023,FY,Passenger Revenue,manual_only,NO_MANUAL_ROW
ULCC,2023,Q1,Passenger Revenue,manual_only,NO_MANUAL_ROW
ULCC,2023,Q2,Passenger Revenue,manual_only,NO_MANUAL_ROW
ULCC,2023,Q3,Passenger Revenue,manual_only,NO_MANUAL_ROW
ULCC,2023,Q4,Passenger Revenue,manual_only,NO_MANUAL_ROW
ULCC,2024,FY,Passenger Revenue,manual_only,NO_MANUAL_ROW
ULCC,2024,Q1,Passenger Revenue,manual_only,NO_MANUAL_ROW
ULCC,2024,Q2,Passenger Revenue,manual_only,NO_MANUAL_ROW
ULCC,2024,Q3,Passenger Revenue,manual_only,NO_MANUAL_ROW
ULCC,2024,Q4,Passenger Revenue,manual_only,NO_MANUAL_ROW
ULCC,2025,FY,Passenger Revenue,manual_only,NO_MANUAL_ROW
ULCC,2025,Q1,Passenger Revenue,manual_only,NO_MANUAL_ROW
ULCC,2025,Q2,Passenger Revenue,manual_only,NO_MANUAL_ROW
ULCC,2025,Q3,Passenger Revenue,manual_only,NO_MANUAL_ROW
ULCC,2025,Q4,Passenger Revenue,manual_only,NO_MANUAL_ROW
ULCC,2026,Q1,Passenger Revenue,manual_only,NO_MANUAL_ROW
ULCC,2014,FY,Profit Sharing,manual_only,NO_MANUAL_ROW
ULCC,2014,Q1,Profit Sharing,manual_only,NO_MANUAL_ROW
ULCC,2014,Q2,Profit Sharing,manual_only,NO_MANUAL_ROW
ULCC,2014,Q3,Profit Sharing,manual_only,NO_MANUAL_ROW
ULCC,2014,Q4,Profit Sharing,manual_only,NO_MANUAL_ROW
ULCC,2015,FY,Profit Sharing,manual_only,NO_MANUAL_ROW
ULCC,2015,Q1,Profit Sharing,manual_only,NO_MANUAL_ROW
ULCC,2015,Q2,Profit Sharing,manual_only,NO_MANUAL_ROW
ULCC,2015,Q3,Profit Sharing,manual_only,NO_MANUAL_ROW
ULCC,2015,Q4,Profit Sharing,manual_only,NO_MANUAL_ROW
ULCC,2016,FY,Profit Sharing,manual_only,NO_MANUAL_ROW
ULCC,2016,Q1,Profit Sharing,manual_only,NO_MANUAL_ROW
ULCC,2016,Q2,Profit Sharing,manual_only,NO_MANUAL_ROW
ULCC,2016,Q3,Profit Sharing,manual_only,NO_MANUAL_ROW
ULCC,2016,Q4,Profit Sharing,manual_only,NO_MANUAL_ROW
ULCC,2017,FY,Profit Sharing,manual_only,NO_MANUAL_ROW
ULCC,2017,Q1,Profit Sharing,manual_only,NO_MANUAL_ROW
ULCC,2017,Q2,Profit Sharing,manual_only,NO_MANUAL_ROW
ULCC,2017,Q3,Profit Sharing,manual_only,NO_MANUAL_ROW
ULCC,2017,Q4,Profit Sharing,manual_only,NO_MANUAL_ROW
ULCC,2018,FY,Profit Sharing,manual_only,NO_MANUAL_ROW
ULCC,2018,Q1,Profit Sharing,manual_only,NO_MANUAL_ROW
ULCC,2018,Q2,Profit Sharing,manual_only,NO_MANUAL_ROW
ULCC,2018,Q3,Profit Sharing,manual_only,NO_MANUAL_ROW
ULCC,2018,Q4,Profit Sharing,manual_only,NO_MANUAL_ROW
ULCC,2019,FY,Profit Sharing,manual_only,NO_MANUAL_ROW
ULCC,2019,Q1,Profit Sharing,manual_only,NO_MANUAL_ROW
ULCC,2019,Q2,Profit Sharing,manual_only,NO_MANUAL_ROW
ULCC,2019,Q3,Profit Sharing,manual_only,NO_MANUAL_ROW
ULCC,2019,Q4,Profit Sharing,manual_only,NO_MANUAL_ROW
ULCC,2020,FY,Profit Sharing,manual_only,NO_MANUAL_ROW
ULCC,2020,Q1,Profit Sharing,manual_only,NO_MANUAL_ROW
ULCC,2020,Q2,Profit Sharing,manual_only,NO_MANUAL_ROW
ULCC,2020,Q3,Profit Sharing,manual_only,NO_MANUAL_ROW
ULCC,2020,Q4,Profit Sharing,manual_only,NO_MANUAL_ROW
ULCC,2021,FY,Profit Sharing,manual_only,NO_MANUAL_ROW
ULCC,2021,Q1,Profit Sharing,manual_only,NO_MANUAL_ROW
ULCC,2021,Q2,Profit Sharing,manual_only,NO_MANUAL_ROW
ULCC,2021,Q3,Profit Sharing,manual_only,NO_MANUAL_ROW
ULCC,2021,Q4,Profit Sharing,manual_only,NO_MANUAL_ROW
ULCC,2022,FY,Profit Sharing,manual_only,NO_MANUAL_ROW
ULCC,2022,Q1,Profit Sharing,manual_only,NO_MANUAL_ROW
ULCC,2022,Q2,Profit Sharing,manual_only,NO_MANUAL_ROW
ULCC,2022,Q3,Profit Sharing,manual_only,NO_MANUAL_ROW
ULCC,2022,Q4,Profit Sharing,manual_only,NO_MANUAL_ROW
ULCC,2023,FY,Profit Sharing,manual_only,NO_MANUAL_ROW
ULCC,2023,Q1,Profit Sharing,manual_only,NO_MANUAL_ROW
ULCC,2023,Q2,Profit Sharing,manual_only,NO_MANUAL_ROW
ULCC,2023,Q3,Profit Sharing,manual_only,NO_MANUAL_ROW
ULCC,2023,Q4,Profit Sharing,manual_only,NO_MANUAL_ROW
ULCC,2024,FY,Profit Sharing,manual_only,NO_MANUAL_ROW
ULCC,2024,Q1,Profit Sharing,manual_only,NO_MANUAL_ROW
ULCC,2024,Q2,Profit Sharing,manual_only,NO_MANUAL_ROW
ULCC,2024,Q3,Profit Sharing,manual_only,NO_MANUAL_ROW
ULCC,2024,Q4,Profit Sharing,manual_only,NO_MANUAL_ROW
ULCC,2025,FY,Profit Sharing,manual_only,NO_MANUAL_ROW
ULCC,2025,Q1,Profit Sharing,manual_only,NO_MANUAL_ROW
ULCC,2025,Q2,Profit Sharing,manual_only,NO_MANUAL_ROW
ULCC,2025,Q3,Profit Sharing,manual_only,NO_MANUAL_ROW
ULCC,2025,Q4,Profit Sharing,manual_only,NO_MANUAL_ROW
ULCC,2026,Q1,Profit Sharing,manual_only,NO_MANUAL_ROW
ULCC,2014,FY,RPM,manual_only,NO_MANUAL_ROW
ULCC,2014,Q1,RPM,manual_only,NO_MANUAL_ROW
ULCC,2014,Q2,RPM,manual_only,NO_MANUAL_ROW
ULCC,2014,Q3,RPM,manual_only,NO_MANUAL_ROW
ULCC,2014,Q4,RPM,manual_only,NO_MANUAL_ROW
ULCC,2015,FY,RPM,manual_only,NO_MANUAL_ROW
ULCC,2015,Q1,RPM,manual_only,NO_MANUAL_ROW
ULCC,2015,Q2,RPM,manual_only,NO_MANUAL_ROW
ULCC,2015,Q3,RPM,manual_only,NO_MANUAL_ROW
ULCC,2015,Q4,RPM,manual_only,NO_MANUAL_ROW
ULCC,2016,FY,RPM,manual_only,NO_MANUAL_ROW
ULCC,2016,Q1,RPM,manual_only,NO_MANUAL_ROW
ULCC,2016,Q2,RPM,manual_only,NO_MANUAL_ROW
ULCC,2016,Q3,RPM,manual_only,NO_MANUAL_ROW
ULCC,2016,Q4,RPM,manual_only,NO_MANUAL_ROW
ULCC,2017,FY,RPM,manual_only,NO_MANUAL_ROW
ULCC,2017,Q1,RPM,manual_only,NO_MANUAL_ROW
ULCC,2017,Q2,RPM,manual_only,NO_MANUAL_ROW
ULCC,2017,Q3,RPM,manual_only,NO_MANUAL_ROW
ULCC,2017,Q4,RPM,manual_only,NO_MANUAL_ROW
ULCC,2018,FY,RPM,manual_only,NO_MANUAL_ROW
ULCC,2018,Q1,RPM,manual_only,NO_MANUAL_ROW
ULCC,2018,Q2,RPM,manual_only,NO_MANUAL_ROW
ULCC,2018,Q3,RPM,manual_only,NO_MANUAL_ROW
ULCC,2018,Q4,RPM,manual_only,NO_MANUAL_ROW
ULCC,2019,FY,RPM,manual_only,NO_MANUAL_ROW
ULCC,2019,Q1,RPM,manual_only,NO_MANUAL_ROW
ULCC,2019,Q2,RPM,manual_only,NO_MANUAL_ROW
ULCC,2019,Q3,RPM,manual_only,NO_MANUAL_ROW
ULCC,2019,Q4,RPM,manual_only,NO_MANUAL_ROW
ULCC,2020,FY,RPM,manual_only,NO_MANUAL_ROW
ULCC,2020,Q1,RPM,manual_only,NO_MANUAL_ROW
ULCC,2020,Q2,RPM,manual_only,NO_MANUAL_ROW
ULCC,2020,Q3,RPM,manual_only,NO_MANUAL_ROW
ULCC,2020,Q4,RPM,manual_only,NO_MANUAL_ROW
ULCC,2021,FY,RPM,manual_only,NO_MANUAL_ROW
ULCC,2021,Q1,RPM,manual_only,NO_MANUAL_ROW
ULCC,2021,Q2,RPM,manual_only,NO_MANUAL_ROW
ULCC,2021,Q3,RPM,manual_only,NO_MANUAL_ROW
ULCC,2021,Q4,RPM,manual_only,NO_MANUAL_ROW
ULCC,2022,FY,RPM,manual_only,NO_MANUAL_ROW
ULCC,2022,Q1,RPM,manual_only,NO_MANUAL_ROW
ULCC,2022,Q2,RPM,manual_only,NO_MANUAL_ROW
ULCC,2022,Q3,RPM,manual_only,NO_MANUAL_ROW
ULCC,2022,Q4,RPM,manual_only,NO_MANUAL_ROW
ULCC,2023,FY,RPM,manual_only,NO_MANUAL_ROW
ULCC,2023,Q1,RPM,manual_only,NO_MANUAL_ROW
ULCC,2023,Q2,RPM,manual_only,NO_MANUAL_ROW
ULCC,2023,Q3,RPM,manual_only,NO_MANUAL_ROW
ULCC,2023,Q4,RPM,manual_only,NO_MANUAL_ROW
ULCC,2024,FY,RPM,manual_only,NO_MANUAL_ROW
ULCC,2024,Q1,RPM,manual_only,NO_MANUAL_ROW
ULCC,2024,Q2,RPM,manual_only,NO_MANUAL_ROW
ULCC,2024,Q3,RPM,manual_only,NO_MANUAL_ROW
ULCC,2024,Q4,RPM,manual_only,NO_MANUAL_ROW
ULCC,2025,FY,RPM,manual_only,NO_MANUAL_ROW
ULCC,2025,Q1,RPM,manual_only,NO_MANUAL_ROW
ULCC,2025,Q2,RPM,manual_only,NO_MANUAL_ROW
ULCC,2025,Q3,RPM,manual_only,NO_MANUAL_ROW
ULCC,2025,Q4,RPM,manual_only,NO_MANUAL_ROW
ULCC,2026,Q1,RPM,manual_only,NO_MANUAL_ROW
ULCC,2014,FY,Short-Term Investments,auto_xbrl,NO_AUTO_ROW
ULCC,2014,Q1,Short-Term Investments,auto_xbrl,NO_AUTO_ROW
ULCC,2014,Q2,Short-Term Investments,auto_xbrl,NO_AUTO_ROW
ULCC,2014,Q3,Short-Term Investments,auto_xbrl,NO_AUTO_ROW
ULCC,2014,Q4,Short-Term Investments,auto_xbrl,NO_AUTO_ROW
ULCC,2015,FY,Short-Term Investments,auto_xbrl,NO_AUTO_ROW
ULCC,2015,Q1,Short-Term Investments,auto_xbrl,NO_AUTO_ROW
ULCC,2015,Q2,Short-Term Investments,auto_xbrl,NO_AUTO_ROW
ULCC,2015,Q3,Short-Term Investments,auto_xbrl,NO_AUTO_ROW
ULCC,2015,Q4,Short-Term Investments,auto_xbrl,NO_AUTO_ROW
ULCC,2016,FY,Short-Term Investments,auto_xbrl,NO_AUTO_ROW
ULCC,2016,Q1,Short-Term Investments,auto_xbrl,NO_AUTO_ROW
ULCC,2016,Q2,Short-Term Investments,auto_xbrl,NO_AUTO_ROW
ULCC,2016,Q3,Short-Term Investments,auto_xbrl,NO_AUTO_ROW
ULCC,2016,Q4,Short-Term Investments,auto_xbrl,NO_AUTO_ROW
ULCC,2017,FY,Short-Term Investments,auto_xbrl,NO_AUTO_ROW
ULCC,2017,Q1,Short-Term Investments,auto_xbrl,NO_AUTO_ROW
ULCC,2017,Q2,Short-Term Investments,auto_xbrl,NO_AUTO_ROW
ULCC,2017,Q3,Short-Term Investments,auto_xbrl,NO_AUTO_ROW
ULCC,2017,Q4,Short-Term Investments,auto_xbrl,NO_AUTO_ROW
ULCC,2018,FY,Short-Term Investments,auto_xbrl,NO_AUTO_VALUE
ULCC,2018,Q1,Short-Term Investments,auto_xbrl,NO_AUTO_ROW
ULCC,2018,Q2,Short-Term Investments,auto_xbrl,NO_AUTO_ROW
ULCC,2018,Q3,Short-Term Investments,auto_xbrl,NO_AUTO_ROW
ULCC,2018,Q4,Short-Term Investments,auto_xbrl,NO_AUTO_VALUE
ULCC,2019,FY,Short-Term Investments,auto_xbrl,NO_AUTO_VALUE
ULCC,2019,Q1,Short-Term Investments,auto_xbrl,NO_AUTO_VALUE
ULCC,2019,Q2,Short-Term Investments,auto_xbrl,NO_AUTO_VALUE
ULCC,2019,Q3,Short-Term Investments,auto_xbrl,NO_AUTO_VALUE
ULCC,2019,Q4,Short-Term Investments,auto_xbrl,NO_AUTO_VALUE
ULCC,2020,FY,Short-Term Investments,auto_xbrl,NO_AUTO_VALUE
ULCC,2020,Q1,Short-Term Investments,auto_xbrl,NO_AUTO_VALUE
ULCC,2020,Q2,Short-Term Investments,auto_xbrl,NO_AUTO_VALUE
ULCC,2020,Q3,Short-Term Investments,auto_xbrl,NO_AUTO_VALUE
ULCC,2020,Q4,Short-Term Investments,auto_xbrl,NO_AUTO_VALUE
ULCC,2021,FY,Short-Term Investments,auto_xbrl,NO_AUTO_VALUE
ULCC,2021,Q1,Short-Term Investments,auto_xbrl,NO_AUTO_VALUE
ULCC,2021,Q2,Short-Term Investments,auto_xbrl,NO_AUTO_VALUE
ULCC,2021,Q3,Short-Term Investments,auto_xbrl,NO_AUTO_VALUE
ULCC,2021,Q4,Short-Term Investments,auto_xbrl,NO_AUTO_VALUE
ULCC,2022,FY,Short-Term Investments,auto_xbrl,NO_AUTO_VALUE
ULCC,2022,Q1,Short-Term Investments,auto_xbrl,NO_AUTO_VALUE
ULCC,2022,Q2,Short-Term Investments,auto_xbrl,NO_AUTO_VALUE
ULCC,2022,Q3,Short-Term Investments,auto_xbrl,NO_AUTO_VALUE
ULCC,2022,Q4,Short-Term Investments,auto_xbrl,NO_AUTO_VALUE
ULCC,2023,FY,Short-Term Investments,auto_xbrl,NO_AUTO_VALUE
ULCC,2023,Q1,Short-Term Investments,auto_xbrl,NO_AUTO_VALUE
ULCC,2023,Q2,Short-Term Investments,auto_xbrl,NO_AUTO_VALUE
ULCC,2023,Q3,Short-Term Investments,auto_xbrl,NO_AUTO_VALUE
ULCC,2023,Q4,Short-Term Investments,auto_xbrl,NO_AUTO_VALUE
ULCC,2024,FY,Short-Term Investments,auto_xbrl,NO_AUTO_VALUE
ULCC,2024,Q1,Short-Term Investments,auto_xbrl,NO_AUTO_VALUE
ULCC,2024,Q2,Short-Term Investments,auto_xbrl,NO_AUTO_VALUE
ULCC,2024,Q3,Short-Term Investments,auto_xbrl,NO_AUTO_VALUE
ULCC,2024,Q4,Short-Term Investments,auto_xbrl,NO_AUTO_VALUE
ULCC,2025,FY,Short-Term Investments,auto_xbrl,NO_AUTO_VALUE
ULCC,2025,Q1,Short-Term Investments,auto_xbrl,NO_AUTO_VALUE
ULCC,2025,Q2,Short-Term Investments,auto_xbrl,NO_AUTO_VALUE
ULCC,2025,Q3,Short-Term Investments,auto_xbrl,NO_AUTO_VALUE
ULCC,2025,Q4,Short-Term Investments,auto_xbrl,NO_AUTO_VALUE
ULCC,2026,Q1,Short-Term Investments,auto_xbrl,NO_AUTO_VALUE
VA,2014,FY,ASM,manual_only,NO_MANUAL_ROW
VA,2014,Q1,ASM,manual_only,NO_MANUAL_ROW
VA,2014,Q2,ASM,manual_only,NO_MANUAL_ROW
VA,2014,Q3,ASM,manual_only,NO_MANUAL_ROW
VA,2014,Q4,ASM,manual_only,NO_MANUAL_ROW
VA,2015,FY,ASM,manual_only,NO_MANUAL_ROW
VA,2015,Q1,ASM,manual_only,NO_MANUAL_ROW
VA,2015,Q2,ASM,manual_only,NO_MANUAL_ROW
VA,2015,Q3,ASM,manual_only,NO_MANUAL_ROW
VA,2015,Q4,ASM,manual_only,NO_MANUAL_ROW
VA,2016,Q1,ASM,manual_only,NO_MANUAL_ROW
VA,2016,Q2,ASM,manual_only,NO_MANUAL_ROW
VA,2016,Q3,ASM,manual_only,NO_MANUAL_ROW
VA,2014,FY,Passenger Revenue,manual_only,NO_MANUAL_ROW
VA,2014,Q1,Passenger Revenue,manual_only,NO_MANUAL_ROW
VA,2014,Q2,Passenger Revenue,manual_only,NO_MANUAL_ROW
VA,2014,Q3,Passenger Revenue,manual_only,NO_MANUAL_ROW
VA,2014,Q4,Passenger Revenue,manual_only,NO_MANUAL_ROW
VA,2015,FY,Passenger Revenue,manual_only,NO_MANUAL_ROW
VA,2015,Q1,Passenger Revenue,manual_only,NO_MANUAL_ROW
VA,2015,Q2,Passenger Revenue,manual_only,NO_MANUAL_ROW
VA,2015,Q3,Passenger Revenue,manual_only,NO_MANUAL_ROW
VA,2015,Q4,Passenger Revenue,manual_only,NO_MANUAL_ROW
VA,2016,Q1,Passenger Revenue,manual_only,NO_MANUAL_ROW
VA,2016,Q2,Passenger Revenue,manual_only,NO_MANUAL_ROW
VA,2016,Q3,Passenger Revenue,manual_only,NO_MANUAL_ROW
VA,2014,FY,Profit Sharing,manual_only,NO_MANUAL_ROW
VA,2014,Q1,Profit Sharing,manual_only,NO_MANUAL_ROW
VA,2014,Q2,Profit Sharing,manual_only,NO_MANUAL_ROW
VA,2014,Q3,Profit Sharing,manual_only,NO_MANUAL_ROW
VA,2014,Q4,Profit Sharing,manual_only,NO_MANUAL_ROW
VA,2015,FY,Profit Sharing,manual_only,NO_MANUAL_ROW
VA,2015,Q1,Profit Sharing,manual_only,NO_MANUAL_ROW
VA,2015,Q2,Profit Sharing,manual_only,NO_MANUAL_ROW
VA,2015,Q3,Profit Sharing,manual_only,NO_MANUAL_ROW
VA,2015,Q4,Profit Sharing,manual_only,NO_MANUAL_ROW
VA,2016,Q1,Profit Sharing,manual_only,NO_MANUAL_ROW
VA,2016,Q2,Profit Sharing,manual_only,NO_MANUAL_ROW
VA,2016,Q3,Profit Sharing,manual_only,NO_MANUAL_ROW
VA,2014,FY,RPM,manual_only,NO_MANUAL_ROW
VA,2014,Q1,RPM,manual_only,NO_MANUAL_ROW
VA,2014,Q2,RPM,manual_only,NO_MANUAL_ROW
VA,2014,Q3,RPM,manual_only,NO_MANUAL_ROW
VA,2014,Q4,RPM,manual_only,NO_MANUAL_ROW
VA,2015,FY,RPM,manual_only,NO_MANUAL_ROW
VA,2015,Q1,RPM,manual_only,NO_MANUAL_ROW
VA,2015,Q2,RPM,manual_only,NO_MANUAL_ROW
VA,2015,Q3,RPM,manual_only,NO_MANUAL_ROW
VA,2015,Q4,RPM,manual_only,NO_MANUAL_ROW
VA,2016,Q1,RPM,manual_only,NO_MANUAL_ROW
VA,2016,Q2,RPM,manual_only,NO_MANUAL_ROW
VA,2016,Q3,RPM,manual_only,NO_MANUAL_ROW
VA,2014,FY,Short-Term Investments,auto_xbrl,NO_AUTO_VALUE
VA,2014,Q1,Short-Term Investments,auto_xbrl,NO_AUTO_VALUE
VA,2014,Q2,Short-Term Investments,auto_xbrl,NO_AUTO_VALUE
VA,2014,Q3,Short-Term Investments,auto_xbrl,NO_AUTO_VALUE
VA,2014,Q4,Short-Term Investments,auto_xbrl,NO_AUTO_VALUE
VA,2015,FY,Short-Term Investments,auto_xbrl,NO_AUTO_VALUE
VA,2015,Q1,Short-Term Investments,auto_xbrl,NO_AUTO_VALUE
VA,2015,Q2,Short-Term Investments,auto_xbrl,NO_AUTO_VALUE
VA,2015,Q3,Short-Term Investments,auto_xbrl,NO_AUTO_VALUE
VA,2015,Q4,Short-Term Investments,auto_xbrl,NO_AUTO_VALUE
VA,2016,Q1,Short-Term Investments,auto_xbrl,NO_AUTO_VALUE
VA,2016,Q2,Short-Term Investments,auto_xbrl,NO_AUTO_VALUE
VA,2016,Q3,Short-Term Investments,auto_xbrl,NO_AUTO_VALUE
